snapshot_id,account_id,platform,account_label,account_handle,external_id,follower_count,following_count,post_count,like_count,view_count,profile_url,source_url,collected_at,snapshot_date,daily_gain
12,girlfriend-instagram,instagram,Instagram,officialladysublime,17841434948962018,92939,293,28,,,https://www.instagram.com/officialladysublime/,https://graph.facebook.com/v25.0/17841434948962018,2026-06-14T22:44:22-04:00,2026-06-14,
31,girlfriend-instagram,instagram,Instagram,officialladysublime,17841434948962018,92956,293,28,,,https://www.instagram.com/officialladysublime/,https://graph.facebook.com/v25.0/17841434948962018,2026-06-15T19:05:44-04:00,2026-06-15,17
47,girlfriend-instagram,instagram,Instagram,officialladysublime,17841434948962018,92963,292,28,,,https://www.instagram.com/officialladysublime/,https://graph.facebook.com/v25.0/17841434948962018,2026-06-16T22:30:45-04:00,2026-06-16,7
54,girlfriend-instagram,instagram,Instagram,officialladysublime,17841434948962018,92991,292,28,,,https://www.instagram.com/officialladysublime/,https://graph.facebook.com/v25.0/17841434948962018,2026-06-17T08:01:44-04:00,2026-06-17,28
61,girlfriend-instagram,instagram,Instagram,officialladysublime,17841434948962018,92992,291,28,,,https://www.instagram.com/officialladysublime/,https://graph.facebook.com/v25.0/17841434948962018,2026-06-19T08:02:37-04:00,2026-06-19,1
68,girlfriend-instagram,instagram,Instagram,officialladysublime,17841434948962018,93042,292,28,,,https://www.instagram.com/officialladysublime/,https://graph.facebook.com/v25.0/17841434948962018,2026-06-20T10:26:48-04:00,2026-06-20,50
75,girlfriend-instagram,instagram,Instagram,officialladysublime,17841434948962018,93091,290,28,,,https://www.instagram.com/officialladysublime/,https://graph.facebook.com/v25.0/17841434948962018,2026-06-21T08:22:15-04:00,2026-06-21,49
89,girlfriend-instagram,instagram,Instagram,officialladysublime,17841434948962018,93123,289,28,,,https://www.instagram.com/officialladysublime/,https://graph.facebook.com/v25.0/17841434948962018,2026-06-22T08:01:19-04:00,2026-06-22,32
96,girlfriend-instagram,instagram,Instagram,officialladysublime,17841434948962018,93177,289,28,,,https://www.instagram.com/officialladysublime/,https://graph.facebook.com/v25.0/17841434948962018,2026-06-23T08:01:16-04:00,2026-06-23,54
103,girlfriend-instagram,instagram,Instagram,officialladysublime,17841434948962018,93219,287,28,,,https://www.instagram.com/officialladysublime/,https://graph.facebook.com/v25.0/17841434948962018,2026-06-24T17:08:06-04:00,2026-06-24,42
110,girlfriend-instagram,instagram,Instagram,officialladysublime,17841434948962018,93277,290,28,,,https://www.instagram.com/officialladysublime/,https://graph.facebook.com/v25.0/17841434948962018,2026-06-26T08:01:53-04:00,2026-06-26,58
117,girlfriend-instagram,instagram,Instagram,officialladysublime,17841434948962018,93298,289,28,,,https://www.instagram.com/officialladysublime/,https://graph.facebook.com/v25.0/17841434948962018,2026-06-27T08:02:00-04:00,2026-06-27,21
132,girlfriend-instagram,instagram,Instagram,officialladysublime,17841434948962018,93333,292,29,,,https://www.instagram.com/officialladysublime/,https://graph.facebook.com/v25.0/17841434948962018,2026-06-28T21:57:13-04:00,2026-06-28,35
140,girlfriend-instagram,instagram,Instagram,officialladysublime,17841434948962018,93343,292,29,,,https://www.instagram.com/officialladysublime/,https://graph.facebook.com/v25.0/17841434948962018,2026-06-29T08:02:07-04:00,2026-06-29,10
151,girlfriend-instagram,instagram,Instagram,officialladysublime,17841434948962018,93415,292,29,,,https://www.instagram.com/officialladysublime/,https://graph.facebook.com/v25.0/17841434948962018,2026-06-30T08:00:47-04:00,2026-06-30,72
159,girlfriend-instagram,instagram,Instagram,officialladysublime,17841434948962018,93458,291,29,,,https://www.instagram.com/officialladysublime/,https://graph.facebook.com/v25.0/17841434948962018,2026-07-01T08:01:42-04:00,2026-07-01,43
189,girlfriend-instagram,instagram,Instagram,officialladysublime,17841434948962018,93535,292,29,,,https://www.instagram.com/officialladysublime/,https://graph.facebook.com/v25.0/17841434948962018,2026-07-02T15:29:19-04:00,2026-07-02,77
33,girlfriend-tiktok,tiktok,TikTok,ladysublimessbbw,-000KB6K7MtqniW8y5ioykhozUepaIXQIK2z,3131,8,7,9088,,,https://open.tiktokapis.com/v2/user/info/,2026-06-15T19:05:49-04:00,2026-06-15,
49,girlfriend-tiktok,tiktok,TikTok,ladysublimessbbw,-000KB6K7MtqniW8y5ioykhozUepaIXQIK2z,3131,8,7,9095,,,https://open.tiktokapis.com/v2/user/info/,2026-06-16T22:30:48-04:00,2026-06-16,0
56,girlfriend-tiktok,tiktok,TikTok,ladysublimessbbw,-000KB6K7MtqniW8y5ioykhozUepaIXQIK2z,3131,8,7,9097,,,https://open.tiktokapis.com/v2/user/info/,2026-06-17T08:01:52-04:00,2026-06-17,0
63,girlfriend-tiktok,tiktok,TikTok,ladysublimessbbw,-000KB6K7MtqniW8y5ioykhozUepaIXQIK2z,3134,8,7,9122,,,https://open.tiktokapis.com/v2/user/info/,2026-06-19T08:02:41-04:00,2026-06-19,3
70,girlfriend-tiktok,tiktok,TikTok,ladysublimessbbw,-000KB6K7MtqniW8y5ioykhozUepaIXQIK2z,3134,8,7,9125,,,https://open.tiktokapis.com/v2/user/info/,2026-06-20T10:26:53-04:00,2026-06-20,0
77,girlfriend-tiktok,tiktok,TikTok,ladysublimessbbw,-000KB6K7MtqniW8y5ioykhozUepaIXQIK2z,3134,8,7,9128,,,https://open.tiktokapis.com/v2/user/info/,2026-06-21T08:22:21-04:00,2026-06-21,0
91,girlfriend-tiktok,tiktok,TikTok,ladysublimessbbw,-000KB6K7MtqniW8y5ioykhozUepaIXQIK2z,3134,8,7,9137,,,https://open.tiktokapis.com/v2/user/info/,2026-06-22T08:01:26-04:00,2026-06-22,0
98,girlfriend-tiktok,tiktok,TikTok,ladysublimessbbw,-000KB6K7MtqniW8y5ioykhozUepaIXQIK2z,3137,8,7,9160,,,https://open.tiktokapis.com/v2/user/info/,2026-06-23T08:01:22-04:00,2026-06-23,3
105,girlfriend-tiktok,tiktok,TikTok,ladysublimessbbw,-000KB6K7MtqniW8y5ioykhozUepaIXQIK2z,3138,8,7,9177,,,https://open.tiktokapis.com/v2/user/info/,2026-06-24T17:08:14-04:00,2026-06-24,1
112,girlfriend-tiktok,tiktok,TikTok,ladysublimessbbw,-000KB6K7MtqniW8y5ioykhozUepaIXQIK2z,3138,8,7,9180,,,https://open.tiktokapis.com/v2/user/info/,2026-06-26T08:01:58-04:00,2026-06-26,0
119,girlfriend-tiktok,tiktok,TikTok,ladysublimessbbw,-000KB6K7MtqniW8y5ioykhozUepaIXQIK2z,3138,8,7,9188,,,https://open.tiktokapis.com/v2/user/info/,2026-06-27T08:02:05-04:00,2026-06-27,0
134,girlfriend-tiktok,tiktok,TikTok,ladysublimessbbw,-000KB6K7MtqniW8y5ioykhozUepaIXQIK2z,3139,8,8,9206,,,https://open.tiktokapis.com/v2/user/info/,2026-06-28T21:57:18-04:00,2026-06-28,1
142,girlfriend-tiktok,tiktok,TikTok,ladysublimessbbw,-000KB6K7MtqniW8y5ioykhozUepaIXQIK2z,3143,8,8,9259,,,https://open.tiktokapis.com/v2/user/info/,2026-06-29T08:02:14-04:00,2026-06-29,4
153,girlfriend-tiktok,tiktok,TikTok,ladysublimessbbw,-000KB6K7MtqniW8y5ioykhozUepaIXQIK2z,3154,8,8,9322,,,https://open.tiktokapis.com/v2/user/info/,2026-06-30T08:00:58-04:00,2026-06-30,11
161,girlfriend-tiktok,tiktok,TikTok,ladysublimessbbw,-000KB6K7MtqniW8y5ioykhozUepaIXQIK2z,3162,8,8,9357,,,https://open.tiktokapis.com/v2/user/info/,2026-07-01T08:01:52-04:00,2026-07-01,8
191,girlfriend-tiktok,tiktok,TikTok,ladysublimessbbw,-000KB6K7MtqniW8y5ioykhozUepaIXQIK2z,3171,8,8,9376,,,https://open.tiktokapis.com/v2/user/info/,2026-07-02T15:29:29-04:00,2026-07-02,9
35,girlfriend-x,x,X,LadySublimeBBW,3072318458,30717,473,1255,,,,https://api.x.com/2/users/by/username/ladysublimebbw,2026-06-15T19:05:50-04:00,2026-06-15,
51,girlfriend-x,x,X,LadySublimeBBW,3072318458,30711,473,1259,,,,https://api.x.com/2/users/by/username/ladysublimebbw,2026-06-16T22:30:48-04:00,2026-06-16,-6
58,girlfriend-x,x,X,LadySublimeBBW,3072318458,30719,473,1260,,,,https://api.x.com/2/users/by/username/ladysublimebbw,2026-06-17T08:01:53-04:00,2026-06-17,8
65,girlfriend-x,x,X,LadySublimeBBW,3072318458,30895,473,1263,,,,https://api.x.com/2/users/by/username/ladysublimebbw,2026-06-19T08:02:42-04:00,2026-06-19,176
72,girlfriend-x,x,X,LadySublimeBBW,3072318458,30930,471,1245,,,,https://api.x.com/2/users/by/username/ladysublimebbw,2026-06-20T10:26:53-04:00,2026-06-20,35
79,girlfriend-x,x,X,LadySublimeBBW,3072318458,30931,471,1245,,,,https://api.x.com/2/users/by/username/ladysublimebbw,2026-06-21T08:22:22-04:00,2026-06-21,1
93,girlfriend-x,x,X,LadySublimeBBW,3072318458,30931,471,1245,,,,https://api.x.com/2/users/by/username/ladysublimebbw,2026-06-22T08:01:26-04:00,2026-06-22,0
100,girlfriend-x,x,X,LadySublimeBBW,3072318458,30923,471,1245,,,,https://api.x.com/2/users/by/username/ladysublimebbw,2026-06-23T08:01:23-04:00,2026-06-23,-8
107,girlfriend-x,x,X,LadySublimeBBW,3072318458,30914,471,1245,,,,https://api.x.com/2/users/by/username/ladysublimebbw,2026-06-24T17:08:15-04:00,2026-06-24,-9
114,girlfriend-x,x,X,LadySublimeBBW,3072318458,30914,472,1250,,,,https://api.x.com/2/users/by/username/ladysublimebbw,2026-06-26T08:01:59-04:00,2026-06-26,0
121,girlfriend-x,x,X,LadySublimeBBW,3072318458,30913,471,1250,,,,https://api.x.com/2/users/by/username/ladysublimebbw,2026-06-27T08:02:06-04:00,2026-06-27,-1
136,girlfriend-x,x,X,LadySublimeBBW,3072318458,30919,471,1255,,,,https://api.x.com/2/users/by/username/ladysublimebbw,2026-06-28T21:57:19-04:00,2026-06-28,6
144,girlfriend-x,x,X,LadySublimeBBW,3072318458,30944,471,1259,,,,https://api.x.com/2/users/by/username/ladysublimebbw,2026-06-29T08:02:14-04:00,2026-06-29,25
155,girlfriend-x,x,X,LadySublimeBBW,3072318458,30974,472,1259,,,,https://api.x.com/2/users/by/username/ladysublimebbw,2026-06-30T08:00:59-04:00,2026-06-30,30
163,girlfriend-x,x,X,LadySublimeBBW,3072318458,30984,472,1259,,,,https://api.x.com/2/users/by/username/ladysublimebbw,2026-07-01T08:01:53-04:00,2026-07-01,10
193,girlfriend-x,x,X,LadySublimeBBW,3072318458,30992,472,1256,,,,https://api.x.com/2/users/by/username/ladysublimebbw,2026-07-02T15:29:30-04:00,2026-07-02,8
14,girlfriend-youtube,youtube,YouTube,@ladysublimessbbw,UCgjoVIzGoVuzLWIkvjOKpRw,3090,,5,,522603,,https://www.googleapis.com/youtube/v3/channels,2026-06-14T22:44:25-04:00,2026-06-14,
34,girlfriend-youtube,youtube,YouTube,@ladysublimessbbw,UCgjoVIzGoVuzLWIkvjOKpRw,3090,,5,,523893,,https://www.googleapis.com/youtube/v3/channels,2026-06-15T19:05:50-04:00,2026-06-15,0
50,girlfriend-youtube,youtube,YouTube,@ladysublimessbbw,UCgjoVIzGoVuzLWIkvjOKpRw,3090,,5,,525283,,https://www.googleapis.com/youtube/v3/channels,2026-06-16T22:30:48-04:00,2026-06-16,0
57,girlfriend-youtube,youtube,YouTube,@ladysublimessbbw,UCgjoVIzGoVuzLWIkvjOKpRw,3100,,5,,525943,,https://www.googleapis.com/youtube/v3/channels,2026-06-17T08:01:53-04:00,2026-06-17,10
64,girlfriend-youtube,youtube,YouTube,@ladysublimessbbw,UCgjoVIzGoVuzLWIkvjOKpRw,3100,,5,,528829,,https://www.googleapis.com/youtube/v3/channels,2026-06-19T08:02:42-04:00,2026-06-19,0
71,girlfriend-youtube,youtube,YouTube,@ladysublimessbbw,UCgjoVIzGoVuzLWIkvjOKpRw,3100,,5,,530054,,https://www.googleapis.com/youtube/v3/channels,2026-06-20T10:26:53-04:00,2026-06-20,0
78,girlfriend-youtube,youtube,YouTube,@ladysublimessbbw,UCgjoVIzGoVuzLWIkvjOKpRw,3110,,5,,531507,,https://www.googleapis.com/youtube/v3/channels,2026-06-21T08:22:22-04:00,2026-06-21,10
92,girlfriend-youtube,youtube,YouTube,@ladysublimessbbw,UCgjoVIzGoVuzLWIkvjOKpRw,3110,,5,,532468,,https://www.googleapis.com/youtube/v3/channels,2026-06-22T08:01:26-04:00,2026-06-22,0
99,girlfriend-youtube,youtube,YouTube,@ladysublimessbbw,UCgjoVIzGoVuzLWIkvjOKpRw,3110,,5,,532468,,https://www.googleapis.com/youtube/v3/channels,2026-06-23T08:01:22-04:00,2026-06-23,0
106,girlfriend-youtube,youtube,YouTube,@ladysublimessbbw,UCgjoVIzGoVuzLWIkvjOKpRw,3120,,5,,535100,,https://www.googleapis.com/youtube/v3/channels,2026-06-24T17:08:14-04:00,2026-06-24,10
113,girlfriend-youtube,youtube,YouTube,@ladysublimessbbw,UCgjoVIzGoVuzLWIkvjOKpRw,3120,,5,,537396,,https://www.googleapis.com/youtube/v3/channels,2026-06-26T08:01:59-04:00,2026-06-26,0
120,girlfriend-youtube,youtube,YouTube,@ladysublimessbbw,UCgjoVIzGoVuzLWIkvjOKpRw,3130,,5,,538659,,https://www.googleapis.com/youtube/v3/channels,2026-06-27T08:02:06-04:00,2026-06-27,10
135,girlfriend-youtube,youtube,YouTube,@ladysublimessbbw,UCgjoVIzGoVuzLWIkvjOKpRw,3140,,6,,540510,,https://www.googleapis.com/youtube/v3/channels,2026-06-28T21:57:19-04:00,2026-06-28,10
143,girlfriend-youtube,youtube,YouTube,@ladysublimessbbw,UCgjoVIzGoVuzLWIkvjOKpRw,3140,,6,,541003,,https://www.googleapis.com/youtube/v3/channels,2026-06-29T08:02:14-04:00,2026-06-29,0
154,girlfriend-youtube,youtube,YouTube,@ladysublimessbbw,UCgjoVIzGoVuzLWIkvjOKpRw,3140,,6,,543513,,https://www.googleapis.com/youtube/v3/channels,2026-06-30T08:00:59-04:00,2026-06-30,0
170,girlfriend-youtube,youtube,YouTube,@ladysublimessbbw,UCgjoVIzGoVuzLWIkvjOKpRw,3140,,6,,544405,,https://www.googleapis.com/youtube/v3/channels,2026-07-01T11:52:49-04:00,2026-07-01,0
192,girlfriend-youtube,youtube,YouTube,@ladysublimessbbw,UCgjoVIzGoVuzLWIkvjOKpRw,3140,,6,,546707,,https://www.googleapis.com/youtube/v3/channels,2026-07-02T15:29:29-04:00,2026-07-02,0
52,lady-sublime-clips4sale,clips4sale,Clips4Sale,Lady Sublime SSBBW,163455,1214,,196,,,https://www.clips4sale.com/studio/163455/lady-sublime-ssbbw,https://www.clips4sale.com/studio/163455/lady-sublime-ssbbw,2026-06-16T22:30:49-04:00,2026-06-16,
59,lady-sublime-clips4sale,clips4sale,Clips4Sale,Lady Sublime SSBBW,163455,1214,,196,,,https://www.clips4sale.com/studio/163455/lady-sublime-ssbbw,https://www.clips4sale.com/studio/163455/lady-sublime-ssbbw,2026-06-17T08:01:53-04:00,2026-06-17,0
66,lady-sublime-clips4sale,clips4sale,Clips4Sale,Lady Sublime SSBBW,163455,1218,,196,,,https://www.clips4sale.com/studio/163455/lady-sublime-ssbbw,https://www.clips4sale.com/studio/163455/lady-sublime-ssbbw,2026-06-19T08:02:42-04:00,2026-06-19,4
73,lady-sublime-clips4sale,clips4sale,Clips4Sale,Lady Sublime SSBBW,163455,1219,,196,,,https://www.clips4sale.com/studio/163455/lady-sublime-ssbbw,https://www.clips4sale.com/studio/163455/lady-sublime-ssbbw,2026-06-20T10:26:54-04:00,2026-06-20,1
80,lady-sublime-clips4sale,clips4sale,Clips4Sale,Lady Sublime SSBBW,163455,1219,,196,,,https://www.clips4sale.com/studio/163455/lady-sublime-ssbbw,https://www.clips4sale.com/studio/163455/lady-sublime-ssbbw,2026-06-21T08:22:22-04:00,2026-06-21,0
94,lady-sublime-clips4sale,clips4sale,Clips4Sale,Lady Sublime SSBBW,163455,1220,,196,,,https://www.clips4sale.com/studio/163455/lady-sublime-ssbbw,https://www.clips4sale.com/studio/163455/lady-sublime-ssbbw,2026-06-22T08:01:27-04:00,2026-06-22,1
101,lady-sublime-clips4sale,clips4sale,Clips4Sale,Lady Sublime SSBBW,163455,1222,,196,,,https://www.clips4sale.com/studio/163455/lady-sublime-ssbbw,https://www.clips4sale.com/studio/163455/lady-sublime-ssbbw,2026-06-23T08:01:23-04:00,2026-06-23,2
108,lady-sublime-clips4sale,clips4sale,Clips4Sale,Lady Sublime SSBBW,163455,1222,,196,,,https://www.clips4sale.com/studio/163455/lady-sublime-ssbbw,https://www.clips4sale.com/studio/163455/lady-sublime-ssbbw,2026-06-24T17:08:15-04:00,2026-06-24,0
115,lady-sublime-clips4sale,clips4sale,Clips4Sale,Lady Sublime SSBBW,163455,1227,,196,,,https://www.clips4sale.com/studio/163455/lady-sublime-ssbbw,https://www.clips4sale.com/studio/163455/lady-sublime-ssbbw,2026-06-26T08:01:59-04:00,2026-06-26,5
122,lady-sublime-clips4sale,clips4sale,Clips4Sale,Lady Sublime SSBBW,163455,1227,,196,,,https://www.clips4sale.com/studio/163455/lady-sublime-ssbbw,https://www.clips4sale.com/studio/163455/lady-sublime-ssbbw,2026-06-27T08:02:06-04:00,2026-06-27,0
137,lady-sublime-clips4sale,clips4sale,Clips4Sale,Lady Sublime SSBBW,163455,1232,,197,,,https://www.clips4sale.com/studio/163455/lady-sublime-ssbbw,https://www.clips4sale.com/studio/163455/lady-sublime-ssbbw,2026-06-28T21:57:19-04:00,2026-06-28,5
145,lady-sublime-clips4sale,clips4sale,Clips4Sale,Lady Sublime SSBBW,163455,1232,,197,,,https://www.clips4sale.com/studio/163455/lady-sublime-ssbbw,https://www.clips4sale.com/studio/163455/lady-sublime-ssbbw,2026-06-29T08:02:15-04:00,2026-06-29,0
156,lady-sublime-clips4sale,clips4sale,Clips4Sale,Lady Sublime SSBBW,163455,1232,,197,,,https://www.clips4sale.com/studio/163455/lady-sublime-ssbbw,https://www.clips4sale.com/studio/163455/lady-sublime-ssbbw,2026-06-30T08:00:59-04:00,2026-06-30,0
164,lady-sublime-clips4sale,clips4sale,Clips4Sale,Lady Sublime SSBBW,163455,1235,,197,,,https://www.clips4sale.com/studio/163455/lady-sublime-ssbbw,https://www.clips4sale.com/studio/163455/lady-sublime-ssbbw,2026-07-01T08:01:53-04:00,2026-07-01,3
194,lady-sublime-clips4sale,clips4sale,Clips4Sale,Lady Sublime SSBBW,163455,1236,,197,,,https://www.clips4sale.com/studio/163455/lady-sublime-ssbbw,https://www.clips4sale.com/studio/163455/lady-sublime-ssbbw,2026-07-02T15:29:30-04:00,2026-07-02,1
139,lady-sublime-curvage,curvage,Curvage,LadySublimeSSBBW,212446,7460,,,,,https://curvage.org/forum/index.php?/profile/212446-ladysublimessbbw/,https://curvage.org/forum/index.php?/profile/212446-ladysublimessbbw/,2026-06-28T22:00:44-04:00,2026-06-28,
147,lady-sublime-curvage,curvage,Curvage,LadySublimeSSBBW,212446,7464,,,,,https://curvage.org/forum/index.php?/profile/212446-ladysublimessbbw/,https://curvage.org/forum/index.php?/profile/212446-ladysublimessbbw/,2026-06-29T11:21:41-04:00,2026-06-29,4
158,lady-sublime-curvage,curvage,Curvage,LadySublimeSSBBW,212446,7480,,,,,https://curvage.org/forum/index.php?/profile/212446-ladysublimessbbw/,https://curvage.org/forum/index.php?/profile/212446-ladysublimessbbw/,2026-06-30T11:25:15-04:00,2026-06-30,16
166,lady-sublime-curvage,curvage,Curvage,LadySublimeSSBBW,212446,7489,,,,,https://curvage.org/forum/index.php?/profile/212446-ladysublimessbbw/,https://curvage.org/forum/index.php?/profile/212446-ladysublimessbbw/,2026-07-01T11:38:54-04:00,2026-07-01,9
13,lady-sublime-facebook-page,facebook,Facebook Page,Lady Sublime,107579258704403,15052,,,15052,,https://www.facebook.com/107579258704403,https://graph.facebook.com/v25.0/107579258704403,2026-06-14T22:44:24-04:00,2026-06-14,
32,lady-sublime-facebook-page,facebook,Facebook Page,Lady Sublime,107579258704403,15043,,,15043,,https://www.facebook.com/107579258704403,https://graph.facebook.com/v25.0/107579258704403,2026-06-15T19:05:47-04:00,2026-06-15,-9
48,lady-sublime-facebook-page,facebook,Facebook Page,Lady Sublime,107579258704403,15041,,,15041,,https://www.facebook.com/107579258704403,https://graph.facebook.com/v25.0/107579258704403,2026-06-16T22:30:46-04:00,2026-06-16,-2
55,lady-sublime-facebook-page,facebook,Facebook Page,Lady Sublime,107579258704403,15042,,,15042,,https://www.facebook.com/107579258704403,https://graph.facebook.com/v25.0/107579258704403,2026-06-17T08:01:48-04:00,2026-06-17,1
62,lady-sublime-facebook-page,facebook,Facebook Page,Lady Sublime,107579258704403,15031,,,15031,,https://www.facebook.com/107579258704403,https://graph.facebook.com/v25.0/107579258704403,2026-06-19T08:02:39-04:00,2026-06-19,-11
69,lady-sublime-facebook-page,facebook,Facebook Page,Lady Sublime,107579258704403,15027,,,15027,,https://www.facebook.com/107579258704403,https://graph.facebook.com/v25.0/107579258704403,2026-06-20T10:26:51-04:00,2026-06-20,-4
76,lady-sublime-facebook-page,facebook,Facebook Page,Lady Sublime,107579258704403,15025,,,15025,,https://www.facebook.com/107579258704403,https://graph.facebook.com/v25.0/107579258704403,2026-06-21T08:22:18-04:00,2026-06-21,-2
90,lady-sublime-facebook-page,facebook,Facebook Page,Lady Sublime,107579258704403,15025,,,15025,,https://www.facebook.com/107579258704403,https://graph.facebook.com/v25.0/107579258704403,2026-06-22T08:01:23-04:00,2026-06-22,0
97,lady-sublime-facebook-page,facebook,Facebook Page,Lady Sublime,107579258704403,15019,,,15019,,https://www.facebook.com/107579258704403,https://graph.facebook.com/v25.0/107579258704403,2026-06-23T08:01:19-04:00,2026-06-23,-6
104,lady-sublime-facebook-page,facebook,Facebook Page,Lady Sublime,107579258704403,15016,,,15016,,https://www.facebook.com/107579258704403,https://graph.facebook.com/v25.0/107579258704403,2026-06-24T17:08:10-04:00,2026-06-24,-3
111,lady-sublime-facebook-page,facebook,Facebook Page,Lady Sublime,107579258704403,15014,,,15014,,https://www.facebook.com/107579258704403,https://graph.facebook.com/v25.0/107579258704403,2026-06-26T08:01:56-04:00,2026-06-26,-2
118,lady-sublime-facebook-page,facebook,Facebook Page,Lady Sublime,107579258704403,15012,,,15012,,https://www.facebook.com/107579258704403,https://graph.facebook.com/v25.0/107579258704403,2026-06-27T08:02:03-04:00,2026-06-27,-2
133,lady-sublime-facebook-page,facebook,Facebook Page,Lady Sublime,107579258704403,15008,,,15008,,https://www.facebook.com/107579258704403,https://graph.facebook.com/v25.0/107579258704403,2026-06-28T21:57:16-04:00,2026-06-28,-4
141,lady-sublime-facebook-page,facebook,Facebook Page,Lady Sublime,107579258704403,15004,,,15004,,https://www.facebook.com/107579258704403,https://graph.facebook.com/v25.0/107579258704403,2026-06-29T08:02:11-04:00,2026-06-29,-4
152,lady-sublime-facebook-page,facebook,Facebook Page,Lady Sublime,107579258704403,15001,,,15001,,https://www.facebook.com/107579258704403,https://graph.facebook.com/v25.0/107579258704403,2026-06-30T08:00:51-04:00,2026-06-30,-3
160,lady-sublime-facebook-page,facebook,Facebook Page,Lady Sublime,107579258704403,14991,,,14991,,https://www.facebook.com/107579258704403,https://graph.facebook.com/v25.0/107579258704403,2026-07-01T08:01:48-04:00,2026-07-01,-10
190,lady-sublime-facebook-page,facebook,Facebook Page,Lady Sublime,107579258704403,14995,,,14995,,https://www.facebook.com/107579258704403,https://graph.facebook.com/v25.0/107579258704403,2026-07-02T15:29:27-04:00,2026-07-02,4
149,lady-sublime-feabie,feabie,Feabie,LadySublimeSSBBW,,741,,,,,,,2026-06-29T15:29:47-04:00,2026-06-29,
168,lady-sublime-feabie,feabie,Feabie,LadySublimeSSBBW,,747,,,,,,,2026-07-01T11:44:55-04:00,2026-07-01,6
179,lady-sublime-feabie,feabie,Feabie,LadySublimeSSBBW,,752,,,,,https://www.feabie.com/Member/Details/LadySublimeSSBBW,https://www.feabie.com/Member/Details/LadySublimeSSBBW,2026-07-02T15:19:47-04:00,2026-07-02,5
53,lady-sublime-manyvids,manyvids,ManyVids,LadySublimeSSBBW,1003456685,2320,17,235,,,https://www.manyvids.com/Profile/1003456685/ladysublimessbbw/Store/Videos,https://www.manyvids.com/Profile/1003456685/ladysublimessbbw/Store/Videos,2026-06-16T22:30:49-04:00,2026-06-16,
60,lady-sublime-manyvids,manyvids,ManyVids,LadySublimeSSBBW,1003456685,2320,17,235,,,https://www.manyvids.com/Profile/1003456685/ladysublimessbbw/Store/Videos,https://www.manyvids.com/Profile/1003456685/ladysublimessbbw/Store/Videos,2026-06-17T08:01:54-04:00,2026-06-17,0
67,lady-sublime-manyvids,manyvids,ManyVids,LadySublimeSSBBW,1003456685,2321,17,235,,,https://www.manyvids.com/Profile/1003456685/ladysublimessbbw/Store/Videos,https://www.manyvids.com/Profile/1003456685/ladysublimessbbw/Store/Videos,2026-06-19T08:02:44-04:00,2026-06-19,1
74,lady-sublime-manyvids,manyvids,ManyVids,LadySublimeSSBBW,1003456685,2322,17,235,,,https://www.manyvids.com/Profile/1003456685/ladysublimessbbw/Store/Videos,https://www.manyvids.com/Profile/1003456685/ladysublimessbbw/Store/Videos,2026-06-20T10:26:55-04:00,2026-06-20,1
81,lady-sublime-manyvids,manyvids,ManyVids,LadySublimeSSBBW,1003456685,2322,17,235,,,https://www.manyvids.com/Profile/1003456685/ladysublimessbbw/Store/Videos,https://www.manyvids.com/Profile/1003456685/ladysublimessbbw/Store/Videos,2026-06-21T08:22:23-04:00,2026-06-21,0
95,lady-sublime-manyvids,manyvids,ManyVids,LadySublimeSSBBW,1003456685,2322,17,235,,,https://www.manyvids.com/Profile/1003456685/ladysublimessbbw/Store/Videos,https://www.manyvids.com/Profile/1003456685/ladysublimessbbw/Store/Videos,2026-06-22T08:01:27-04:00,2026-06-22,0
102,lady-sublime-manyvids,manyvids,ManyVids,LadySublimeSSBBW,1003456685,2322,17,235,,,https://www.manyvids.com/Profile/1003456685/ladysublimessbbw/Store/Videos,https://www.manyvids.com/Profile/1003456685/ladysublimessbbw/Store/Videos,2026-06-23T08:01:24-04:00,2026-06-23,0
109,lady-sublime-manyvids,manyvids,ManyVids,LadySublimeSSBBW,1003456685,2323,17,235,,,https://www.manyvids.com/Profile/1003456685/ladysublimessbbw/Store/Videos,https://www.manyvids.com/Profile/1003456685/ladysublimessbbw/Store/Videos,2026-06-24T17:08:16-04:00,2026-06-24,1
116,lady-sublime-manyvids,manyvids,ManyVids,LadySublimeSSBBW,1003456685,2323,17,235,,,https://www.manyvids.com/Profile/1003456685/ladysublimessbbw/Store/Videos,https://www.manyvids.com/Profile/1003456685/ladysublimessbbw/Store/Videos,2026-06-26T08:02:00-04:00,2026-06-26,0
123,lady-sublime-manyvids,manyvids,ManyVids,LadySublimeSSBBW,1003456685,2323,17,235,,,https://www.manyvids.com/Profile/1003456685/ladysublimessbbw/Store/Videos,https://www.manyvids.com/Profile/1003456685/ladysublimessbbw/Store/Videos,2026-06-27T08:02:07-04:00,2026-06-27,0
138,lady-sublime-manyvids,manyvids,ManyVids,LadySublimeSSBBW,1003456685,2324,17,235,,,https://www.manyvids.com/Profile/1003456685/ladysublimessbbw/Store/Videos,https://www.manyvids.com/Profile/1003456685/ladysublimessbbw/Store/Videos,2026-06-28T21:57:20-04:00,2026-06-28,1
146,lady-sublime-manyvids,manyvids,ManyVids,LadySublimeSSBBW,1003456685,2324,17,235,,,https://www.manyvids.com/Profile/1003456685/ladysublimessbbw/Store/Videos,https://www.manyvids.com/Profile/1003456685/ladysublimessbbw/Store/Videos,2026-06-29T08:02:16-04:00,2026-06-29,0
157,lady-sublime-manyvids,manyvids,ManyVids,LadySublimeSSBBW,1003456685,2324,17,235,,,https://www.manyvids.com/Profile/1003456685/ladysublimessbbw/Store/Videos,https://www.manyvids.com/Profile/1003456685/ladysublimessbbw/Store/Videos,2026-06-30T08:01:00-04:00,2026-06-30,0
171,lady-sublime-manyvids,manyvids,ManyVids,LadySublimeSSBBW,1003456685,2324,17,235,,,https://www.manyvids.com/Profile/1003456685/ladysublimessbbw/Store/Videos,https://www.manyvids.com/Profile/1003456685/ladysublimessbbw/Store/Videos,2026-07-01T11:52:49-04:00,2026-07-01,0
195,lady-sublime-manyvids,manyvids,ManyVids,LadySublimeSSBBW,1003456685,2324,17,235,,,https://www.manyvids.com/Profile/1003456685/ladysublimessbbw/Store/Videos,https://www.manyvids.com/Profile/1003456685/ladysublimessbbw/Store/Videos,2026-07-02T15:29:31-04:00,2026-07-02,0
150,lady-sublime-onlyfans,onlyfans,OnlyFans,LadySublimeSSBBW,,7676,,,,,,,2026-06-29T15:38:40-04:00,2026-06-29,
169,lady-sublime-onlyfans,onlyfans,OnlyFans,LadySublimeSSBBW,,7697,,,,,,,2026-07-01T11:48:55-04:00,2026-07-01,21
180,lady-sublime-onlyfans,onlyfans,OnlyFans,LadySublimeSSBBW,,7700,,,,,https://onlyfans.com/ladysublimessbbw,https://onlyfans.com/ladysublimessbbw,2026-07-02T15:21:44-04:00,2026-07-02,3
148,lady-sublime-reddit-profile,reddit,Reddit Profile,u/LadySublimeSSBBW,,6209,,,,,https://www.reddit.com/user/LadySublimeSSBBW/,https://www.reddit.com/user/LadySublimeSSBBW/,2026-06-29T14:37:33-04:00,2026-06-29,
167,lady-sublime-reddit-profile,reddit,Reddit Profile,u/LadySublimeSSBBW,,6217,,,,,https://www.reddit.com/user/LadySublimeSSBBW/,https://www.reddit.com/user/LadySublimeSSBBW/,2026-07-01T11:41:34-04:00,2026-07-01,8
188,lady-sublime-reddit-profile,reddit,Reddit Profile,LadySublimeSSBBW,,6220,,,,,https://www.reddit.com/user/LadySublimeSSBBW/?solution=fb9faa87d9c5616afb9faa87d9c5616a&js_challenge=1&token=7afd7253fec22262ff1c52b1703fe9ec2c7f484751da473c27a23deaafc0b6cb&jsc_orig_r=,https://www.reddit.com/user/LadySublimeSSBBW/?solution=fb9faa87d9c5616afb9faa87d9c5616a&js_challenge=1&token=7afd7253fec22262ff1c52b1703fe9ec2c7f484751da473c27a23deaafc0b6cb&jsc_orig_r=,2026-07-02T15:29:10-04:00,2026-07-02,3
