activity_id,activity_key,account_id,platform,account_label,account_handle,external_id,posted_at,activity_date,title,body,content_type,post_url,thumbnail_url,media_url,destination_url,campaign,offer,promo_code,views,likes,comments,shares,engagements,clicks,orders,revenue,source_kind,source_url,collected_at,platform_same_day_gain,total_same_day_gain,total_3d_gain,total_7d_gain
,lady-sublime-facebook-page:external:107579258704403_1002661279198378,lady-sublime-facebook-page,facebook,Facebook Page,Lady Sublime,107579258704403_1002661279198378,2026-07-06T22:12:24+0000,2026-07-06,Facebook Page reel,What if I stayed the night and ate all your leftovers? 🥡🍗🍕,reel,https://www.facebook.com/reel/1655205672241668/,https://scontent-lga3-1.xx.fbcdn.net/v/t15.5256-10/741257836_1746140986737223_8122812704787054014_n.jpg?stp=dst-jpg_s130x130_tt6&_nc_cat=103&ccb=1-7&_nc_sid=d2b52d&_nc_ohc=cGUXjuLyQ-YQ7kNvwHyIX1P&_nc_oc=Adri6uffpIERhCwj8XHOgtAFsymUSUbSA48Snb7e2BhIIT_UOvBEzngXEXRj2JS5XHaRxIJOu7Y6UkZkhpSdWfwP&_nc_zt=23&_nc_ht=scontent-lga3-1.xx&edm=AKIiGfEEAAAA&_nc_gid=6fslV95Bi8-TZ38ptEzV6g&_nc_tpa=Q5bMBQGb7wmPVtI2ZaNXFBHZ-DTPiYTgdEC1_NAFerQF239OsX3bMnugCycj3UM_bYakxEaoKIK73BU1OQ&oh=00_AQBLCzHt7cqAut2StZslZJ_5mZ7L_WI4C6TiJTHMRYfVjg&oe=6A5804C0,https://scontent-lga3-1.xx.fbcdn.net/v/t15.5256-10/741257836_1746140986737223_8122812704787054014_n.jpg?_nc_cat=103&ccb=1-7&_nc_sid=d2b52d&_nc_ohc=cGUXjuLyQ-YQ7kNvwHyIX1P&_nc_oc=Adri6uffpIERhCwj8XHOgtAFsymUSUbSA48Snb7e2BhIIT_UOvBEzngXEXRj2JS5XHaRxIJOu7Y6UkZkhpSdWfwP&_nc_zt=23&_nc_ht=scontent-lga3-1.xx&edm=AKIiGfEEAAAA&_nc_gid=6fslV95Bi8-TZ38ptEzV6g&_nc_tpa=Q5bMBQE4kH0DXSSBngMxrUJONz4JLqG2IIWKVFKLG_FmGERUImFqqIRYNmqruTWDZ3AWMXmv0Bc5N5D6qg&oh=00_AQD7nVbfAEwwWrqsk1DSDG2tu2lBEsYawxUcmV1RDGvMiQ&oe=6A5804C0,,,,,,33,3,0,36,,,,meta_recent_content,https://graph.facebook.com/v25.0/107579258704403,2026-07-11T08:05:16-04:00,-11,523,737,1651
,lady-sublime-facebook-page:external:107579258704403_1001018269362679,lady-sublime-facebook-page,facebook,Facebook Page,Lady Sublime,107579258704403_1001018269362679,2026-07-05T00:53:26+0000,2026-07-05,Facebook Page reel,Who eats donuts with a spoon? 🤨🤭,reel,https://www.facebook.com/reel/1304087851485284/,https://scontent-lga3-1.xx.fbcdn.net/v/t15.5256-10/738511597_2510941072682344_1433783998173884802_n.jpg?stp=dst-jpg_s130x130_tt6&_nc_cat=109&ccb=1-7&_nc_sid=d2b52d&_nc_ohc=ZHRMmTRGX3UQ7kNvwGqRe2_&_nc_oc=AdowDJDeskFzrG9t0Xg_bfF22dtaDFjPRO5mLRJ00NZLiHuGc-HG9Cd3WE6oLIYceqsc9PagS9vgm9H32VrSU7-6&_nc_zt=23&_nc_ht=scontent-lga3-1.xx&edm=AKIiGfEEAAAA&_nc_gid=6fslV95Bi8-TZ38ptEzV6g&_nc_tpa=Q5bMBQFEsvoOt48vqhRmG98LLFTD6kXzN0Bco2AFB-PS8tKFWGXDhArxe-dx_sTs15t9KuZcVH0yM6OtTg&oh=00_AQD60qRN8DVxTJLwdd_Qpk0bdwoxPiWkjgyzhCDc55fpzA&oe=6A581BD2,https://scontent-lga3-1.xx.fbcdn.net/v/t15.5256-10/738511597_2510941072682344_1433783998173884802_n.jpg?_nc_cat=109&ccb=1-7&_nc_sid=d2b52d&_nc_ohc=ZHRMmTRGX3UQ7kNvwGqRe2_&_nc_oc=AdowDJDeskFzrG9t0Xg_bfF22dtaDFjPRO5mLRJ00NZLiHuGc-HG9Cd3WE6oLIYceqsc9PagS9vgm9H32VrSU7-6&_nc_zt=23&_nc_ht=scontent-lga3-1.xx&edm=AKIiGfEEAAAA&_nc_gid=6fslV95Bi8-TZ38ptEzV6g&_nc_tpa=Q5bMBQET-Ybm4D6IksQOmpmd_idBv7relySD2OPQK5PFMuptgdBwUaoZg_Jj5zr1gwV-y0ClYApeMaynEA&oh=00_AQDRgU31M-8JrJ0ZiLaGy1ulJeda_Rd9PtzYZOpfViob8Q&oe=6A581BD2,,,,,,56,9,1,66,,,,meta_recent_content,https://graph.facebook.com/v25.0/107579258704403,2026-07-11T08:05:16-04:00,-7,492,1229,2143
,girlfriend-instagram:external:18077572118676496,girlfriend-instagram,instagram,Instagram,officialladysublime,18077572118676496,2026-07-05T00:37:44+0000,2026-07-05,Instagram reel,Who uses a spoon to eat donuts? 🤨🤭,reel,https://www.instagram.com/reel/DaZCERJM0PB/,https://scontent-lga3-2.cdninstagram.com/v/t51.82787-15/732654659_18105625745164966_1109365630120475126_n.jpg?stp=dst-jpg_e35_tt6&_nc_cat=107&ccb=7-5&_nc_sid=18de74&efg=eyJlZmdfdGFnIjoiQ0xJUFMuYmVzdF9pbWFnZV91cmxnZW4uQzMifQ%3D%3D&_nc_ohc=ojxU2IHeDMMQ7kNvwFoDdfE&_nc_oc=AdoKZBQhsZQ2XKkb_5WKYkihacoa5FGaI8dej1CGKpUaZtmncVhIGB5q40n49tzCbTjxBF-X_7PATl2wQhwI6jzS&_nc_zt=23&_nc_ht=scontent-lga3-2.cdninstagram.com&edm=AM6HXa8EAAAA&_nc_gid=HSJxCWM_OXg6RH2nW8PRnA&_nc_tpa=Q5bMBQG0t9reeiSMMK90zYD4qyfYzuupsHUiiSKYMpEfuMpSPGkSBiGw-bymvM6bjdnDlgt7tb0BjreI-g&oh=00_AQBR_hTLO5Drq1ErgxaAmAX8AsXQrjycsxk_b-rsVsgGIQ&oe=6A581828,https://scontent-lga3-2.cdninstagram.com/o1/v/t2/f2/m86/AQPVYMD-St3FBD2mFO3BkYbfQe1xI_ApkuJ9CiYlVYgdPR0c5sT4FKdoeLtauBHyrI9ZLqSMgJv7MAqQY81wDFZK27InCd7BK0FBYls.mp4?_nc_cat=105&_nc_sid=5e9851&_nc_ht=scontent-lga3-2.cdninstagram.com&_nc_ohc=uUh73-30zgoQ7kNvwG5UQqh&efg=eyJ2ZW5jb2RlX3RhZyI6Inhwdl9wcm9ncmVzc2l2ZS5JTlNUQUdSQU0uQ0xJUFMuQzMuNzIwLmRhc2hfYmFzZWxpbmVfMV92MSIsInhwdl9hc3NldF9pZCI6MTAxMjk0MTU3ODM3ODc0NSwiYXNzZXRfYWdlX2RheXMiOjYsInZpX3VzZWNhc2VfaWQiOjEwODI3LCJkdXJhdGlvbl9zIjoxMywidXJsZ2VuX3NvdXJjZSI6Ind3dyJ9&ccb=17-1&vs=2bf7d39a0d8d7f62&_nc_vs=HBksFQIYUmlnX3hwdl9yZWVsc19wZXJtYW5lbnRfc3JfcHJvZC81QTRBRDRCOTVDNkNGNjk0NkY3QkYwNDA0RUQ3MTA4OF92aWRlb19kYXNoaW5pdC5tcDQVAALIARIAFQIYUWlnX3hwdl9wbGFjZW1lbnRfcGVybWFuZW50X3YyLzNFNDVGRTBEQjQ0QjFBMjY2RjFBNTVCNTgwQjQ2MEEyX2F1ZGlvX2Rhc2hpbml0Lm1wNBUCAsgBEgAoABgAGwKIB3VzZV9vaWwBMRJwcm9ncmVzc2l2ZV9yZWNpcGUBMRUAACby96jv-tDMAxUCKAJDMywXQCpmZmZmZmYYEmRhc2hfYmFzZWxpbmVfMV92MREAdf4HZZapAQA&_nc_gid=HSJxCWM_OXg6RH2nW8PRnA&edm=AM6HXa8EAAAA&_nc_zt=28&oh=00_AQBXQm5tNs5Ytl3FsOTCdBfOyPYsOGCtHCGRx5yrFvSDpw&oe=6A541B36,,,,,,4356,114,,4470,,,,meta_recent_content,https://graph.facebook.com/v25.0/17841434948962018,2026-07-11T08:05:13-04:00,200,492,1229,2143
,girlfriend-instagram:external:18088568927310108,girlfriend-instagram,instagram,Instagram,officialladysublime,18088568927310108,2026-06-28T21:58:31+0000,2026-06-28,Instagram reel,What if I stayed the night and ate all your leftovers? 🥡🍗🍕,reel,https://www.instagram.com/reel/DaJT52UyHx-/,https://scontent-lga3-3.cdninstagram.com/v/t51.71878-15/731823661_1751188752996065_8522217687349753054_n.jpg?stp=dst-jpg_e35_tt6&_nc_cat=108&ccb=7-5&_nc_sid=18de74&efg=eyJlZmdfdGFnIjoiQ0xJUFMuYmVzdF9pbWFnZV91cmxnZW4uQzMifQ%3D%3D&_nc_ohc=cgDETywPYCIQ7kNvwFHZPvn&_nc_oc=AdrtgPNbEhAJ7wmnAyOFiYia75lbT9PZ-MqK1u29iLXM-tTD-GSQKLNVobCHcscQ_K-CIyOf2AEZdW1PbqyNvn1u&_nc_zt=23&_nc_ht=scontent-lga3-3.cdninstagram.com&edm=AM6HXa8EAAAA&_nc_gid=HSJxCWM_OXg6RH2nW8PRnA&_nc_tpa=Q5bMBQFVLN5xS1soGpzbz-WXSeAP4reLjXR3TZRW0yBn3GBr6qunpfxabtLCEB7hDGQanWBI3HfhmDsuwQ&oh=00_AQB-4GkAH4SkMXomD6gxmmDdDsvZRZZDnjR-KUrCR7z-yw&oe=6A57FA9E,https://scontent-lga3-2.cdninstagram.com/o1/v/t2/f2/m86/AQOdzq25CtPWuOGPgdmOS0YY1ZMWuXJ8RNYxe2CP4LIpwH3ZKaDEUgnIliN71YVYlkiy5GKunsRNIzsEWRwCIPrXfwQixM_pJoIyX_0.mp4?_nc_cat=101&_nc_sid=5e9851&_nc_ht=scontent-lga3-2.cdninstagram.com&_nc_ohc=R4hv1Xt1ltYQ7kNvwGuqA9K&efg=eyJ2ZW5jb2RlX3RhZyI6Inhwdl9wcm9ncmVzc2l2ZS5JTlNUQUdSQU0uQ0xJUFMuQzMuNzIwLmRhc2hfYmFzZWxpbmVfMV92MSIsInhwdl9hc3NldF9pZCI6MTE2NzQwNjM5MzEyODU0OSwiYXNzZXRfYWdlX2RheXMiOjEyLCJ2aV91c2VjYXNlX2lkIjoxMDA5OSwiZHVyYXRpb25fcyI6MjcsInVybGdlbl9zb3VyY2UiOiJ3d3cifQ%3D%3D&ccb=17-1&vs=f1d56a8ef19b7afe&_nc_vs=HBksFQIYUmlnX3hwdl9yZWVsc19wZXJtYW5lbnRfc3JfcHJvZC8zNDQ0QTk1M0NEODYzMDE2Q0RGMjAyNjRGODU5REVBRV92aWRlb19kYXNoaW5pdC5tcDQVAALIARIAFQIYUWlnX3hwdl9wbGFjZW1lbnRfcGVybWFuZW50X3YyLzVDNDAxOEVBMDA4Qjc2MUI4ODI1NkVDNzk4OTkxRTk2X2F1ZGlvX2Rhc2hpbml0Lm1wNBUCAsgBEgAoABgAGwKIB3VzZV9vaWwBMRJwcm9ncmVzc2l2ZV9yZWNpcGUBMRUAACbK2fe1_--SBBUCKAJDMywXQDsiDEm6XjUYEmRhc2hfYmFzZWxpbmVfMV92MREAdf4HZeadAQA&_nc_gid=HSJxCWM_OXg6RH2nW8PRnA&edm=AM6HXa8EAAAA&_nc_zt=28&oh=00_AQCI0T6mN4QafJvpUR-6NCiMBRJWuBID7u4lQQ4tukE_Jw&oe=6A540A22,,,,,,2597,77,,2674,,,,meta_recent_content,https://graph.facebook.com/v25.0/17841434948962018,2026-07-11T08:05:13-04:00,35,54,219,589
,lady-sublime-facebook-page:external:107579258704403_902407142557126,lady-sublime-facebook-page,facebook,Facebook Page,Lady Sublime,107579258704403_902407142557126,2026-03-06T04:44:07+0000,2026-03-06,Facebook Page post,Would I be your work crush? 😍,post,https://www.facebook.com/984245981039908/posts/902407142557126,https://scontent-lga3-1.xx.fbcdn.net/v/t51.82787-15/648554937_18092619926164966_3084590113984905790_n.jpg?stp=dst-jpg_p130x130_tt6&_nc_cat=103&ccb=1-7&_nc_sid=127cfc&_nc_ohc=AkS-WerNsfkQ7kNvwEpH7kj&_nc_oc=Ado-wi5CgBnzA2VUURSvESw_05-sMHxk_fxN4S3eNnTAg8AbgWyNFD8G7efhSZ90otKVpVsUmN7Q4EpfiuYMeQhx&_nc_zt=23&_nc_ht=scontent-lga3-1.xx&edm=AKIiGfEEAAAA&_nc_gid=6fslV95Bi8-TZ38ptEzV6g&_nc_tpa=Q5bMBQHg-VWnlG8dQsi1dWquDdVswAY7fwXalUwNzLf6HgRrwBwws0W7W-I37LaZzCVidc6trTsk9A__7w&oh=00_AQDhuiUy8S6LedZhZTg1ULEskdCJC7bQ6nghv7XdEBRXDA&oe=6A57ED43,https://scontent-lga3-1.xx.fbcdn.net/v/t51.82787-15/648554937_18092619926164966_3084590113984905790_n.jpg?stp=dst-jpg_p720x720_tt6&_nc_cat=103&ccb=1-7&_nc_sid=127cfc&_nc_ohc=AkS-WerNsfkQ7kNvwEpH7kj&_nc_oc=Ado-wi5CgBnzA2VUURSvESw_05-sMHxk_fxN4S3eNnTAg8AbgWyNFD8G7efhSZ90otKVpVsUmN7Q4EpfiuYMeQhx&_nc_zt=23&_nc_ht=scontent-lga3-1.xx&edm=AKIiGfEEAAAA&_nc_gid=6fslV95Bi8-TZ38ptEzV6g&_nc_tpa=Q5bMBQH5tTPqv2lxmtv3f2TWHq1bEQtckXdviqq1fxX6-6Nd8Dk_DODb7_vRCG_-N4gqHyfWJhifioof-w&oh=00_AQDpVh8zstdaaFq6g1I8hxTV1zaR5nQaRjM__kuiqBQBXw&oe=6A57ED43,,,,,,116,9,0,125,,,,meta_recent_content,https://graph.facebook.com/v25.0/107579258704403,2026-07-11T08:05:16-04:00,,,,
,girlfriend-instagram:external:18086455685270575,girlfriend-instagram,instagram,Instagram,officialladysublime,18086455685270575,2026-03-06T04:44:02+0000,2026-03-06,Instagram carousel_album,Would I be your work crush? 😍,carousel_album,https://www.instagram.com/p/DVh682ilEpM/,https://scontent-lga3-1.cdninstagram.com/v/t51.82787-15/648554937_18092619926164966_3084590113984905790_n.jpg?stp=dst-jpg_e35_tt6&_nc_cat=103&ccb=7-5&_nc_sid=18de74&efg=eyJlZmdfdGFnIjoiQ0FST1VTRUxfSVRFTS5iZXN0X2ltYWdlX3VybGdlbi5DMyJ9&_nc_ohc=AkS-WerNsfkQ7kNvwEpH7kj&_nc_oc=Ado-wi5CgBnzA2VUURSvESw_05-sMHxk_fxN4S3eNnTAg8AbgWyNFD8G7efhSZ90otKVpVsUmN7Q4EpfiuYMeQhx&_nc_zt=23&_nc_ht=scontent-lga3-1.cdninstagram.com&edm=AM6HXa8EAAAA&_nc_gid=HSJxCWM_OXg6RH2nW8PRnA&oh=00_AQCjlm54EzGc3Itx6--hw26bH45cB79dQFzJhZijYn4UJg&oe=6A57ED43,https://scontent-lga3-1.cdninstagram.com/v/t51.82787-15/648554937_18092619926164966_3084590113984905790_n.jpg?stp=dst-jpg_e35_tt6&_nc_cat=103&ccb=7-5&_nc_sid=18de74&efg=eyJlZmdfdGFnIjoiQ0FST1VTRUxfSVRFTS5iZXN0X2ltYWdlX3VybGdlbi5DMyJ9&_nc_ohc=AkS-WerNsfkQ7kNvwEpH7kj&_nc_oc=Ado-wi5CgBnzA2VUURSvESw_05-sMHxk_fxN4S3eNnTAg8AbgWyNFD8G7efhSZ90otKVpVsUmN7Q4EpfiuYMeQhx&_nc_zt=23&_nc_ht=scontent-lga3-1.cdninstagram.com&edm=AM6HXa8EAAAA&_nc_gid=HSJxCWM_OXg6RH2nW8PRnA&oh=00_AQCjlm54EzGc3Itx6--hw26bH45cB79dQFzJhZijYn4UJg&oe=6A57ED43,,,,,,4734,269,,5003,,,,meta_recent_content,https://graph.facebook.com/v25.0/17841434948962018,2026-07-11T08:05:13-04:00,,,,
,lady-sublime-facebook-page:external:107579258704403_847242531406921,lady-sublime-facebook-page,facebook,Facebook Page,Lady Sublime,107579258704403_847242531406921,2025-12-26T05:32:36+0000,2025-12-26,Facebook Page post,Merry Christmas ya filthy animals 🎄,post,https://www.facebook.com/984245981039908/posts/847242531406921,https://scontent-lga3-2.xx.fbcdn.net/v/t51.82787-15/606907395_18085960133164966_1395638697535128201_n.jpg?stp=dst-jpg_s173x172_tt6&_nc_cat=107&ccb=1-7&_nc_sid=127cfc&_nc_ohc=J7YROSruqrgQ7kNvwFKpOs0&_nc_oc=AdqaaFUs1jIdT5VIKuWyB-IQ6_--ZFb-zw0Q8fQz84YP3fEwInR0O_brq8e-bMD41NhK3G-dN3DwlQ3tn5CSirMc&_nc_zt=23&_nc_ht=scontent-lga3-2.xx&edm=AKIiGfEEAAAA&_nc_gid=6fslV95Bi8-TZ38ptEzV6g&_nc_tpa=Q5bMBQH3-gEWWJXESt6A1YjeitVwyF_0k04pN7xgRBBiyrxN2xWRXn0hgi8KzoNfcj3AlDwUX-6MNn83sA&oh=00_AQDw61tKPx-8TOtRkMPrJ3AolIbPo3hgwD8tTZzAlaZ2IA&oe=6A57E96C,https://scontent-lga3-2.xx.fbcdn.net/v/t51.82787-15/606907395_18085960133164966_1395638697535128201_n.jpg?stp=dst-jpg_s960x960_tt6&_nc_cat=107&ccb=1-7&_nc_sid=127cfc&_nc_ohc=J7YROSruqrgQ7kNvwFKpOs0&_nc_oc=AdqaaFUs1jIdT5VIKuWyB-IQ6_--ZFb-zw0Q8fQz84YP3fEwInR0O_brq8e-bMD41NhK3G-dN3DwlQ3tn5CSirMc&_nc_zt=23&_nc_ht=scontent-lga3-2.xx&edm=AKIiGfEEAAAA&_nc_gid=6fslV95Bi8-TZ38ptEzV6g&_nc_tpa=Q5bMBQFSBsfUQe0n1H-uqL3todVI2g2nNOVtvK9xGI45RBNWBy0ckn4szWglMoB3odYlX5saymxyI1g2Ug&oh=00_AQDM4GjWiUM9PB-aiYp4oQH5NV0KSmitJWzCrbp4xpf8KA&oe=6A57E96C,,,,,,98,13,0,111,,,,meta_recent_content,https://graph.facebook.com/v25.0/107579258704403,2026-07-11T08:05:16-04:00,,,,
,girlfriend-instagram:external:18434164201109971,girlfriend-instagram,instagram,Instagram,officialladysublime,18434164201109971,2025-12-26T05:32:32+0000,2025-12-26,Instagram carousel_album,Merry Christmas ya filthy animals 🎄,carousel_album,https://www.instagram.com/p/DStw23TFHnO/,https://scontent-lga3-2.cdninstagram.com/v/t51.82787-15/606907395_18085960133164966_1395638697535128201_n.jpg?stp=dst-jpg_e35_tt6&_nc_cat=107&ccb=7-5&_nc_sid=18de74&efg=eyJlZmdfdGFnIjoiQ0FST1VTRUxfSVRFTS5iZXN0X2ltYWdlX3VybGdlbi5DMyJ9&_nc_ohc=J7YROSruqrgQ7kNvwFKpOs0&_nc_oc=AdqaaFUs1jIdT5VIKuWyB-IQ6_--ZFb-zw0Q8fQz84YP3fEwInR0O_brq8e-bMD41NhK3G-dN3DwlQ3tn5CSirMc&_nc_zt=23&_nc_ht=scontent-lga3-2.cdninstagram.com&edm=AM6HXa8EAAAA&_nc_gid=HSJxCWM_OXg6RH2nW8PRnA&oh=00_AQDYD2EuW7-ID68sIaZ_2wy4d--PwsbcJDS1oABcXlKbvA&oe=6A57E96C,https://scontent-lga3-2.cdninstagram.com/v/t51.82787-15/606907395_18085960133164966_1395638697535128201_n.jpg?stp=dst-jpg_e35_tt6&_nc_cat=107&ccb=7-5&_nc_sid=18de74&efg=eyJlZmdfdGFnIjoiQ0FST1VTRUxfSVRFTS5iZXN0X2ltYWdlX3VybGdlbi5DMyJ9&_nc_ohc=J7YROSruqrgQ7kNvwFKpOs0&_nc_oc=AdqaaFUs1jIdT5VIKuWyB-IQ6_--ZFb-zw0Q8fQz84YP3fEwInR0O_brq8e-bMD41NhK3G-dN3DwlQ3tn5CSirMc&_nc_zt=23&_nc_ht=scontent-lga3-2.cdninstagram.com&edm=AM6HXa8EAAAA&_nc_gid=HSJxCWM_OXg6RH2nW8PRnA&oh=00_AQDYD2EuW7-ID68sIaZ_2wy4d--PwsbcJDS1oABcXlKbvA&oe=6A57E96C,,,,,,3998,203,,4201,,,,meta_recent_content,https://graph.facebook.com/v25.0/17841434948962018,2026-07-11T08:05:13-04:00,,,,
,lady-sublime-facebook-page:external:107579258704403_830368759760965,lady-sublime-facebook-page,facebook,Facebook Page,Lady Sublime,107579258704403_830368759760965,2025-12-02T21:13:30+0000,2025-12-02,Facebook Page post,Would you invite me to your Thanksgiving dinner? 🦃🤤,post,https://www.facebook.com/984245981039908/posts/830368759760965,https://scontent-lga3-1.xx.fbcdn.net/v/t51.82787-15/587842698_18083801228164966_9123260380994689612_n.jpg?stp=dst-jpg_p130x130_tt6&_nc_cat=111&ccb=1-7&_nc_sid=127cfc&_nc_ohc=F3Snb2rjlmgQ7kNvwEuNe0w&_nc_oc=AdpGH4cvTGhMRD3Y3bOLxO3EWtQVbCWp0DQYpElekvykSg0mDg2tMgUZoH5NgtTpxGd5g-Z7bKgaUjhTkfkxMwTB&_nc_zt=23&_nc_ht=scontent-lga3-1.xx&edm=AKIiGfEEAAAA&_nc_gid=6fslV95Bi8-TZ38ptEzV6g&_nc_tpa=Q5bMBQFAffOLBEZLPB9bKlN6RAUOyjpcgXAyn2Q24KxzjUi0bIhIP2WM8q_Ks4dwNjMzuYEGdjR68J9vWQ&oh=00_AQB4LftFdoanJ_FCEzBlthiwFeC4JxAXWt3cy8yVhbbD-g&oe=6A5809DC,https://scontent-lga3-1.xx.fbcdn.net/v/t51.82787-15/587842698_18083801228164966_9123260380994689612_n.jpg?stp=dst-jpg_p720x720_tt6&_nc_cat=111&ccb=1-7&_nc_sid=127cfc&_nc_ohc=F3Snb2rjlmgQ7kNvwEuNe0w&_nc_oc=AdpGH4cvTGhMRD3Y3bOLxO3EWtQVbCWp0DQYpElekvykSg0mDg2tMgUZoH5NgtTpxGd5g-Z7bKgaUjhTkfkxMwTB&_nc_zt=23&_nc_ht=scontent-lga3-1.xx&edm=AKIiGfEEAAAA&_nc_gid=6fslV95Bi8-TZ38ptEzV6g&_nc_tpa=Q5bMBQFXd9L9LTl2Irx_Fblf1p3T0bT6RpFPMRHQ8c7-kexPMRzafDK5HVIhCEnVkLG1DGqUl098AQa_DQ&oh=00_AQBPL7RSSnuB4Pm1RIE9_Q-7Xr4cXv4-a1jGEBNyPB_d3g&oe=6A5809DC,,,,,,71,4,0,75,,,,meta_recent_content,https://graph.facebook.com/v25.0/107579258704403,2026-07-11T08:05:16-04:00,,,,
,girlfriend-instagram:external:18113721928605042,girlfriend-instagram,instagram,Instagram,officialladysublime,18113721928605042,2025-12-02T21:13:25+0000,2025-12-02,Instagram carousel_album,Would you invite me to your Thanksgiving dinner? 🦃🤤,carousel_album,https://www.instagram.com/p/DRxpdHrEqwj/,https://scontent-lga3-1.cdninstagram.com/v/t51.82787-15/587842698_18083801228164966_9123260380994689612_n.jpg?stp=dst-jpg_e35_tt6&_nc_cat=111&ccb=7-5&_nc_sid=18de74&efg=eyJlZmdfdGFnIjoiQ0FST1VTRUxfSVRFTS5iZXN0X2ltYWdlX3VybGdlbi5DMyJ9&_nc_ohc=F3Snb2rjlmgQ7kNvwEuNe0w&_nc_oc=AdpGH4cvTGhMRD3Y3bOLxO3EWtQVbCWp0DQYpElekvykSg0mDg2tMgUZoH5NgtTpxGd5g-Z7bKgaUjhTkfkxMwTB&_nc_zt=23&_nc_ht=scontent-lga3-1.cdninstagram.com&edm=AM6HXa8EAAAA&_nc_gid=HSJxCWM_OXg6RH2nW8PRnA&oh=00_AQCevQljMEv3puNT1TPl4UfwCXW1_pCPHHlVj7RnlHPTNQ&oe=6A5809DC,https://scontent-lga3-1.cdninstagram.com/v/t51.82787-15/587842698_18083801228164966_9123260380994689612_n.jpg?stp=dst-jpg_e35_tt6&_nc_cat=111&ccb=7-5&_nc_sid=18de74&efg=eyJlZmdfdGFnIjoiQ0FST1VTRUxfSVRFTS5iZXN0X2ltYWdlX3VybGdlbi5DMyJ9&_nc_ohc=F3Snb2rjlmgQ7kNvwEuNe0w&_nc_oc=AdpGH4cvTGhMRD3Y3bOLxO3EWtQVbCWp0DQYpElekvykSg0mDg2tMgUZoH5NgtTpxGd5g-Z7bKgaUjhTkfkxMwTB&_nc_zt=23&_nc_ht=scontent-lga3-1.cdninstagram.com&edm=AM6HXa8EAAAA&_nc_gid=HSJxCWM_OXg6RH2nW8PRnA&oh=00_AQCevQljMEv3puNT1TPl4UfwCXW1_pCPHHlVj7RnlHPTNQ&oe=6A5809DC,,,,,,3893,85,,3978,,,,meta_recent_content,https://graph.facebook.com/v25.0/17841434948962018,2026-07-11T08:05:13-04:00,,,,
,lady-sublime-facebook-page:external:107579258704403_819723550825486,lady-sublime-facebook-page,facebook,Facebook Page,Lady Sublime,107579258704403_819723550825486,2025-11-18T19:37:38+0000,2025-11-18,Facebook Page post,Too tight? Or perfect fit? 🔥,post,https://www.facebook.com/984245981039908/posts/819723550825486,https://scontent-lga3-2.xx.fbcdn.net/v/t51.82787-15/583186370_18082517156164966_7617102132612823883_n.jpg?stp=dst-jpg_s173x172_tt6&_nc_cat=101&ccb=1-7&_nc_sid=127cfc&_nc_ohc=QAfM4o1fmkcQ7kNvwEogyHi&_nc_oc=AdocRmUgRZks2uaohpo4X6L_wqMNLsCst5z_76_Ic08f5qvv5Ku7Qx-H7H-eeQd-58So86MQVlxUcNiDltWoWvbt&_nc_zt=23&_nc_ht=scontent-lga3-2.xx&edm=AKIiGfEEAAAA&_nc_gid=6fslV95Bi8-TZ38ptEzV6g&_nc_tpa=Q5bMBQGnDzpLYP2iyVKGDeEXW0vA6gCZDqlKQjf_NR95JBYin_epw8BOK5qLywA86ZOWN7CjgpS5rLXA8g&oh=00_AQA4U0Fl475bBcL0zyLn6R0mDLxcNQ_ZhVIkOdBLeObtEw&oe=6A58173F,https://scontent-lga3-2.xx.fbcdn.net/v/t51.82787-15/583186370_18082517156164966_7617102132612823883_n.jpg?stp=dst-jpg_s960x960_tt6&_nc_cat=101&ccb=1-7&_nc_sid=127cfc&_nc_ohc=QAfM4o1fmkcQ7kNvwEogyHi&_nc_oc=AdocRmUgRZks2uaohpo4X6L_wqMNLsCst5z_76_Ic08f5qvv5Ku7Qx-H7H-eeQd-58So86MQVlxUcNiDltWoWvbt&_nc_zt=23&_nc_ht=scontent-lga3-2.xx&edm=AKIiGfEEAAAA&_nc_gid=6fslV95Bi8-TZ38ptEzV6g&_nc_tpa=Q5bMBQEo1hvXA55f5UHhLsoD7GXLPsnV4ir9bLtUpnoseRrEhFWzpSI2Zzu99QUFI-t6bzqwPFitM2VRPg&oh=00_AQApOvFL3ACU8Q1zsx9AZzn4ayUaMv-cAgPgzLtcBiBcag&oe=6A58173F,,,,,,143,19,0,162,,,,meta_recent_content,https://graph.facebook.com/v25.0/107579258704403,2026-07-11T08:05:16-04:00,,,,
,girlfriend-instagram:external:17988918542907177,girlfriend-instagram,instagram,Instagram,officialladysublime,17988918542907177,2025-11-18T19:37:32+0000,2025-11-18,Instagram carousel_album,Too tight? Or perfect fit? 🔥,carousel_album,https://www.instagram.com/p/DRNbWncEn3i/,https://scontent-lga3-2.cdninstagram.com/v/t51.82787-15/583186370_18082517156164966_7617102132612823883_n.jpg?stp=dst-jpg_e35_tt6&_nc_cat=101&ccb=7-5&_nc_sid=18de74&efg=eyJlZmdfdGFnIjoiQ0FST1VTRUxfSVRFTS5iZXN0X2ltYWdlX3VybGdlbi5DMyJ9&_nc_ohc=QAfM4o1fmkcQ7kNvwEogyHi&_nc_oc=AdocRmUgRZks2uaohpo4X6L_wqMNLsCst5z_76_Ic08f5qvv5Ku7Qx-H7H-eeQd-58So86MQVlxUcNiDltWoWvbt&_nc_zt=23&_nc_ht=scontent-lga3-2.cdninstagram.com&edm=AM6HXa8EAAAA&_nc_gid=HSJxCWM_OXg6RH2nW8PRnA&oh=00_AQAqeJ5FSS7LNnyoArNYEyGFIqjHbdA-az7EwBXGxMbohw&oe=6A58173F,https://scontent-lga3-2.cdninstagram.com/v/t51.82787-15/583186370_18082517156164966_7617102132612823883_n.jpg?stp=dst-jpg_e35_tt6&_nc_cat=101&ccb=7-5&_nc_sid=18de74&efg=eyJlZmdfdGFnIjoiQ0FST1VTRUxfSVRFTS5iZXN0X2ltYWdlX3VybGdlbi5DMyJ9&_nc_ohc=QAfM4o1fmkcQ7kNvwEogyHi&_nc_oc=AdocRmUgRZks2uaohpo4X6L_wqMNLsCst5z_76_Ic08f5qvv5Ku7Qx-H7H-eeQd-58So86MQVlxUcNiDltWoWvbt&_nc_zt=23&_nc_ht=scontent-lga3-2.cdninstagram.com&edm=AM6HXa8EAAAA&_nc_gid=HSJxCWM_OXg6RH2nW8PRnA&oh=00_AQAqeJ5FSS7LNnyoArNYEyGFIqjHbdA-az7EwBXGxMbohw&oe=6A58173F,,,,,,6439,260,,6699,,,,meta_recent_content,https://graph.facebook.com/v25.0/17841434948962018,2026-07-11T08:05:13-04:00,,,,
,lady-sublime-facebook-page:external:107579258704403_767220922742416,lady-sublime-facebook-page,facebook,Facebook Page,Lady Sublime,107579258704403_767220922742416,2025-09-17T01:54:00+0000,2025-09-17,Facebook Page post,Current fits or outgrown clothes.. Which do you think looks better? 🤭,post,https://www.facebook.com/984245981039908/posts/767220922742416,https://scontent-lga3-2.xx.fbcdn.net/v/t51.82787-15/549723378_18075200939164966_3684201857735661291_n.jpg?stp=dst-jpg_s130x130_tt6&_nc_cat=101&ccb=1-7&_nc_sid=127cfc&_nc_ohc=8znVRffB0OsQ7kNvwERakcd&_nc_oc=Adrm09XvaQN0_lAeJqCdFPpD1I9vjyiWMelE8vGqs8IHxI7bqzcjQj7BAYEODZBUmcYtb1UAMFo4uYTi9A3F-eEC&_nc_zt=23&_nc_ht=scontent-lga3-2.xx&edm=AKIiGfEEAAAA&_nc_gid=6fslV95Bi8-TZ38ptEzV6g&_nc_tpa=Q5bMBQFeHmBVP9KraNF-OpLG4Bbn5RD9GKS-d8mmjMGZCYG2a17p68moizpFVetSIhmAQb_BQRj8bDdcbA&oh=00_AQAScLOaIRU_qDcbqnjFrFAyIA6Ui7LQOw1RXT34udYXUg&oe=6A57F6F6,https://scontent-lga3-2.xx.fbcdn.net/v/t51.82787-15/549723378_18075200939164966_3684201857735661291_n.jpg?stp=dst-jpg_s720x720_tt6&_nc_cat=101&ccb=1-7&_nc_sid=127cfc&_nc_ohc=8znVRffB0OsQ7kNvwERakcd&_nc_oc=Adrm09XvaQN0_lAeJqCdFPpD1I9vjyiWMelE8vGqs8IHxI7bqzcjQj7BAYEODZBUmcYtb1UAMFo4uYTi9A3F-eEC&_nc_zt=23&_nc_ht=scontent-lga3-2.xx&edm=AKIiGfEEAAAA&_nc_gid=6fslV95Bi8-TZ38ptEzV6g&_nc_tpa=Q5bMBQH6ga_I4KI6KvVTPWjrdqmjPWbfgGCOUxvWJARxQ7LgfsE7MQjThxDLqjJxEEsboxKf86qfBWwQRw&oh=00_AQBNxlo2aRf4LK1ZaIh3ZkCnKy1vL6Lj-SONZWciRumJhA&oe=6A57F6F6,,,,,,84,9,0,93,,,,meta_recent_content,https://graph.facebook.com/v25.0/107579258704403,2026-07-11T08:05:16-04:00,,,,
,girlfriend-instagram:external:18083900222502546,girlfriend-instagram,instagram,Instagram,officialladysublime,18083900222502546,2025-09-17T01:53:55+0000,2025-09-17,Instagram carousel_album,Current fits or outgrown clothes.. Which do you think looks better? 🤭,carousel_album,https://www.instagram.com/p/DOr4WMxiQ8h/,https://scontent-lga3-2.cdninstagram.com/v/t51.82787-15/549723378_18075200939164966_3684201857735661291_n.jpg?stp=dst-jpg_e35_tt6&_nc_cat=101&ccb=7-5&_nc_sid=18de74&efg=eyJlZmdfdGFnIjoiQ0FST1VTRUxfSVRFTS5iZXN0X2ltYWdlX3VybGdlbi5DMyJ9&_nc_ohc=8znVRffB0OsQ7kNvwERakcd&_nc_oc=Adrm09XvaQN0_lAeJqCdFPpD1I9vjyiWMelE8vGqs8IHxI7bqzcjQj7BAYEODZBUmcYtb1UAMFo4uYTi9A3F-eEC&_nc_zt=23&_nc_ht=scontent-lga3-2.cdninstagram.com&edm=AM6HXa8EAAAA&_nc_gid=HSJxCWM_OXg6RH2nW8PRnA&oh=00_AQCCbvav2H3NiZ_3OuEfW1hL_JlcndGIJVl3vxV7p_Bxcw&oe=6A57F6F6,https://scontent-lga3-2.cdninstagram.com/v/t51.82787-15/549723378_18075200939164966_3684201857735661291_n.jpg?stp=dst-jpg_e35_tt6&_nc_cat=101&ccb=7-5&_nc_sid=18de74&efg=eyJlZmdfdGFnIjoiQ0FST1VTRUxfSVRFTS5iZXN0X2ltYWdlX3VybGdlbi5DMyJ9&_nc_ohc=8znVRffB0OsQ7kNvwERakcd&_nc_oc=Adrm09XvaQN0_lAeJqCdFPpD1I9vjyiWMelE8vGqs8IHxI7bqzcjQj7BAYEODZBUmcYtb1UAMFo4uYTi9A3F-eEC&_nc_zt=23&_nc_ht=scontent-lga3-2.cdninstagram.com&edm=AM6HXa8EAAAA&_nc_gid=HSJxCWM_OXg6RH2nW8PRnA&oh=00_AQCCbvav2H3NiZ_3OuEfW1hL_JlcndGIJVl3vxV7p_Bxcw&oe=6A57F6F6,,,,,,2969,110,,3079,,,,meta_recent_content,https://graph.facebook.com/v25.0/17841434948962018,2026-07-11T08:05:13-04:00,,,,
,girlfriend-instagram:external:18087784048871267,girlfriend-instagram,instagram,Instagram,officialladysublime,18087784048871267,2025-09-17T01:10:34+0000,2025-09-17,Instagram reel,I love how quickly my sizes have changed. It’s so validating to witness my body’s evolution! 😍,reel,https://www.instagram.com/reel/DOrzK68D9zP/,https://scontent-lga3-1.cdninstagram.com/v/t51.71878-15/549515318_786824937064612_8761257486406147845_n.jpg?stp=dst-jpg_e35_tt6&_nc_cat=103&ccb=7-5&_nc_sid=18de74&efg=eyJlZmdfdGFnIjoiQ0xJUFMuYmVzdF9pbWFnZV91cmxnZW4uQzMifQ%3D%3D&_nc_ohc=7t9QBb8zCTkQ7kNvwGrMU22&_nc_oc=Adr9Trwev-6yOYWY1NnByFv91xuqhBjr0zOJCAljbYsAz1T3-rWC4Oi48Ka8MIAA7BL3ELYw60m7MAs2g2NK8qFR&_nc_zt=23&_nc_ht=scontent-lga3-1.cdninstagram.com&edm=AM6HXa8EAAAA&_nc_gid=HSJxCWM_OXg6RH2nW8PRnA&_nc_tpa=Q5bMBQG73cogoZ4S9BhRt7hMiyE5r-3vLO2crxn1gq0HPniYt11eRsZJkL_eKyJ-dxSjgDWg79i7natYYg&oh=00_AQC2nDW1zgJ-69hpyOSdq2XiAJQjzCQxUPYf18K9j5zW7Q&oe=6A58113B,https://scontent-lga3-2.cdninstagram.com/o1/v/t2/f2/m367/AQOm5IpdMER9S2wsNLBXfPqVuCSo9zLY87smGCuT7yP3WZQlKZB8D6wxiD_fx4PBUlqSzOwVav2wLU7AC3QmZGHdckFnmqM6DR4aOTc.mp4?_nc_cat=105&_nc_sid=5e9851&_nc_ht=scontent-lga3-2.cdninstagram.com&_nc_ohc=S9E1zbk1zjoQ7kNvwE0QAs8&efg=eyJ2ZW5jb2RlX3RhZyI6Inhwdl9wcm9ncmVzc2l2ZS5JTlNUQUdSQU0uQ0xJUFMuQzMuNzIwLmRhc2hfYmFzZWxpbmVfMV92MSIsInhwdl9hc3NldF9pZCI6NzgxMzkyNTExMjk2MTI5LCJhc3NldF9hZ2VfZGF5cyI6Mjk3LCJ2aV91c2VjYXNlX2lkIjoxMDA5OSwiZHVyYXRpb25fcyI6ODEsInVybGdlbl9zb3VyY2UiOiJ3d3cifQ%3D%3D&ccb=17-1&vs=5d3cf83792835856&_nc_vs=HBksFQIYQGlnX2VwaGVtZXJhbC9DRDQyQUM3NjZBOTlBMEQyQjJCREZGMDhGNEVDMTBCMV92aWRlb19kYXNoaW5pdC5tcDQVAALIARIAFQIYRmlnX3hwdl9yZWVsc19wZXJtYW5lbnRfc3JfcHJvZC83MzgxODM2OTU4NTA1ODlfMjE4MDgxNTUwNjY2ODE1NTQ1Ni5tcDQVAgLIARIAKAAYABsCiAd1c2Vfb2lsATEScHJvZ3Jlc3NpdmVfcmVjaXBlATEVAAAmgoqH8YOr4wIVAigCQzMsF0BUYhysCDEnGBJkYXNoX2Jhc2VsaW5lXzFfdjERAHX-B2XmnQEA&_nc_gid=HSJxCWM_OXg6RH2nW8PRnA&edm=AM6HXa8EAAAA&_nc_zt=28&oh=00_AQC8ESG6LrXx-bkn61-ZH2DFFKA6d-IxhRyTbFc8cXImMg&oe=6A581022,,,,,,15,0,,15,,,,meta_recent_content,https://graph.facebook.com/v25.0/17841434948962018,2026-07-11T08:05:13-04:00,,,,
,girlfriend-instagram:external:18198557929312255,girlfriend-instagram,instagram,Instagram,officialladysublime,18198557929312255,2025-09-17T01:05:49+0000,2025-09-17,Instagram reel,It’s exciting to defy expectations of how big a person can be. Watching my belly grow and feeling my clothes get snug is such a fulfilling experience! 😍,reel,https://www.instagram.com/reel/DOryrRfj1x_/,https://scontent-lga3-2.cdninstagram.com/v/t51.71878-15/549654164_761823096720990_3279234831596113874_n.jpg?stp=dst-jpg_e35_tt6&_nc_cat=105&ccb=7-5&_nc_sid=18de74&efg=eyJlZmdfdGFnIjoiQ0xJUFMuYmVzdF9pbWFnZV91cmxnZW4uQzMifQ%3D%3D&_nc_ohc=HW8Ujhj5oFIQ7kNvwG6i9O-&_nc_oc=Adr1BXkHcEmh3aki37G-LoyWQnFDIBOl8LKppa7JzYwQRSmnPoFlel_WAxafbUz3Ej_mq-_mPw4_m-bis60HPzn-&_nc_zt=23&_nc_ht=scontent-lga3-2.cdninstagram.com&edm=AM6HXa8EAAAA&_nc_gid=HSJxCWM_OXg6RH2nW8PRnA&_nc_tpa=Q5bMBQG8Q73DuTaRzFOQDji0d4W-QPNCckCP2ebJmLeu2p3uTVOsg3PNLx7pZ_l8xeQ1pctrTKwis16XeA&oh=00_AQB7flnWahxXXR-4j9wKc8h_IzBE0p3kfYWZ1VLFtmyKFQ&oe=6A580AF1,https://scontent-lga3-3.cdninstagram.com/o1/v/t2/f2/m367/AQNpK9TKtIB9uyRDhMvQ131lLXeLAzuOLmJ2MUrhEBw5JuBT1N22iGjwKq1dS9ItrtiiX0lzZOQJjO1rAbm0zI7m9VlEUJOEgTjhO-I.mp4?_nc_cat=106&_nc_sid=5e9851&_nc_ht=scontent-lga3-3.cdninstagram.com&_nc_ohc=aLzjd7-q6JUQ7kNvwG-oP9s&efg=eyJ2ZW5jb2RlX3RhZyI6Inhwdl9wcm9ncmVzc2l2ZS5JTlNUQUdSQU0uQ0xJUFMuQzMuNzIwLmRhc2hfYmFzZWxpbmVfMV92MSIsInhwdl9hc3NldF9pZCI6MTA5NzI1ODI4OTE4NzM0MiwiYXNzZXRfYWdlX2RheXMiOjI5NywidmlfdXNlY2FzZV9pZCI6MTAwOTksImR1cmF0aW9uX3MiOjU5LCJ1cmxnZW5fc291cmNlIjoid3d3In0%3D&ccb=17-1&vs=15653bc2a5bb71f2&_nc_vs=HBksFQIYQGlnX2VwaGVtZXJhbC8xNDRCNTc5NjQ0QTVDODdCQTlGMDlGRkZGNkJDRjJBNl92aWRlb19kYXNoaW5pdC5tcDQVAALIARIAFQIYRmlnX3hwdl9yZWVsc19wZXJtYW5lbnRfc3JfcHJvZC83NTk3OTU2ODAyOTcyODhfODUxMDE5MTI4MzQxNzgwNzc3Mi5tcDQVAgLIARIAKAAYABsCiAd1c2Vfb2lsATEScHJvZ3Jlc3NpdmVfcmVjaXBlATEVAAAmnKjuqOv88gMVAigCQzMsF0BN4gxJul41GBJkYXNoX2Jhc2VsaW5lXzFfdjERAHX-B2XmnQEA&_nc_gid=HSJxCWM_OXg6RH2nW8PRnA&edm=AM6HXa8EAAAA&_nc_zt=28&oh=00_AQCymwtE5CHJXzhuxjr9Dlgjp6ghJpMZlWkntX5PuCvkzQ&oe=6A58197F,,,,,,13,1,,14,,,,meta_recent_content,https://graph.facebook.com/v25.0/17841434948962018,2026-07-11T08:05:13-04:00,,,,
,girlfriend-instagram:external:17921907945117331,girlfriend-instagram,instagram,Instagram,officialladysublime,17921907945117331,2025-09-17T01:01:54+0000,2025-09-17,Instagram reel,Finding the right bra can feel impossible at this size. Weight gain is such an adventure when it comes to dressing a bigger body! 😍,reel,https://www.instagram.com/reel/DOrxQM7j41i/,https://scontent-lga3-1.cdninstagram.com/v/t51.71878-15/548896955_2276472642824529_295168526456678683_n.jpg?stp=dst-jpg_e35_tt6&_nc_cat=110&ccb=7-5&_nc_sid=18de74&efg=eyJlZmdfdGFnIjoiQ0xJUFMuYmVzdF9pbWFnZV91cmxnZW4uQzMifQ%3D%3D&_nc_ohc=Cv55xRgHr9AQ7kNvwEx5VGy&_nc_oc=AdrsJfX8mcs66gWkMLzsoeURLsSc7PWjPRNbv-8XNecVw59088eeOyOUNOWHk0YvNUCU-HtyMFnZz3B0a2gfDTDB&_nc_zt=23&_nc_ht=scontent-lga3-1.cdninstagram.com&edm=AM6HXa8EAAAA&_nc_gid=HSJxCWM_OXg6RH2nW8PRnA&_nc_tpa=Q5bMBQHQwkQIaADhQBPo21oZ2ABhasYmH-RzP4QU1SsQZraDbGzOHeR-XCJV52hGSZxWIMen0AakNTP9nw&oh=00_AQAn3spnms9lxcsa7j81jlk0HVKHFsacsqEdYF-jn5aWiA&oe=6A57F281,https://scontent-lga3-2.cdninstagram.com/o1/v/t2/f2/m367/AQNOwCeo2h6ZojEebmb5sxsHJXGDKa4wDSYC3TbO91aHHGKBcSYKgFloh5pxRrj2FcfLmkl05oEXVnadbu2xJN4BUhfao7J4PnbkUmU.mp4?_nc_cat=100&_nc_sid=5e9851&_nc_ht=scontent-lga3-2.cdninstagram.com&_nc_ohc=O_Q4C3H4WYUQ7kNvwGK0Cl5&efg=eyJ2ZW5jb2RlX3RhZyI6Inhwdl9wcm9ncmVzc2l2ZS5JTlNUQUdSQU0uQ0xJUFMuQzMuNzIwLmRhc2hfYmFzZWxpbmVfMV92MSIsInhwdl9hc3NldF9pZCI6MjcxODMyODc4MTcwMzkzMCwiYXNzZXRfYWdlX2RheXMiOjI5NywidmlfdXNlY2FzZV9pZCI6MTAwOTksImR1cmF0aW9uX3MiOjc1LCJ1cmxnZW5fc291cmNlIjoid3d3In0%3D&ccb=17-1&vs=ab0e0765dcc38a60&_nc_vs=HBksFQIYQGlnX2VwaGVtZXJhbC9CNzQ1NTI5NDMxMzk4NEVEOTIyNkFFQjc5ODBDQkQ4NF92aWRlb19kYXNoaW5pdC5tcDQVAALIARIAFQIYR2lnX3hwdl9yZWVsc19wZXJtYW5lbnRfc3JfcHJvZC8xNTAxMDYyNjU3NjkzMDc2XzgwMjUxODYxNDQ3MTgxMTc3NjQubXA0FQICyAESACgAGAAbAogHdXNlX29pbAExEnByb2dyZXNzaXZlX3JlY2lwZQExFQAAJvSr1NbHk9QJFQIoAkMzLBdAUuiDEm6XjRgSZGFzaF9iYXNlbGluZV8xX3YxEQB1_gdl5p0BAA&_nc_gid=HSJxCWM_OXg6RH2nW8PRnA&edm=AM6HXa8EAAAA&_nc_zt=28&oh=00_AQAMuSP-SEm6q04VH4YULB859jKu3qJkh2DSihXW2PJ7zA&oe=6A57E9F5,,,,,,13,1,,14,,,,meta_recent_content,https://graph.facebook.com/v25.0/17841434948962018,2026-07-11T08:05:13-04:00,,,,
,lady-sublime-facebook-page:external:107579258704403_742160631915112,lady-sublime-facebook-page,facebook,Facebook Page,Lady Sublime,107579258704403_742160631915112,2025-08-16T02:17:12+0000,2025-08-16,Facebook Page reel,One time Jaime Preciado stood on my hand at a show. 🤭🖤,reel,https://www.facebook.com/reel/1119748093399860/,https://scontent-lga3-3.xx.fbcdn.net/v/t15.5256-10/532233701_1474345886931146_2573069349530533389_n.jpg?stp=dst-jpg_s130x130_tt6&_nc_cat=106&ccb=1-7&_nc_sid=5fad0e&_nc_ohc=p9AC1_CobE0Q7kNvwHoWaB2&_nc_oc=Adpoo5cf_44aBVaXHF84ltGQJ4tOeDI_dVmrHhl8GULn_Qj0UfPeY5yyzRPaGXajCSJg3AD36BL5LBeQpAXkiJCG&_nc_zt=23&_nc_ht=scontent-lga3-3.xx&edm=AKIiGfEEAAAA&_nc_gid=6fslV95Bi8-TZ38ptEzV6g&_nc_tpa=Q5bMBQHZXOz60N-mWVJqIInkkCPfSp0LYXuiQOMOwZiyX9tL0NVM25gRuBCtsANayZBzXFE8_rr2tSEgbg&oh=00_AQBhYMHvirYcnOyvx8BLDQ-dQMLxHB0oizjFuddQj6Ki1A&oe=6A581CC9,https://scontent-lga3-3.xx.fbcdn.net/v/t15.5256-10/532233701_1474345886931146_2573069349530533389_n.jpg?_nc_cat=106&ccb=1-7&_nc_sid=5fad0e&_nc_ohc=p9AC1_CobE0Q7kNvwHoWaB2&_nc_oc=Adpoo5cf_44aBVaXHF84ltGQJ4tOeDI_dVmrHhl8GULn_Qj0UfPeY5yyzRPaGXajCSJg3AD36BL5LBeQpAXkiJCG&_nc_zt=23&_nc_ht=scontent-lga3-3.xx&edm=AKIiGfEEAAAA&_nc_gid=6fslV95Bi8-TZ38ptEzV6g&_nc_tpa=Q5bMBQGuNA2a5pL03hd91JjmELZTR0hNVcH93gd2-jRN95YirRk_wE_waiJjt4Dtj-TaoVQnJt-5-XzdTQ&oh=00_AQBBKsM_b9JysQIrDS-UOI6TV0WII4Bg5NjT6v-oSjqXJQ&oe=6A581CC9,,,,,,183,27,2,212,,,,meta_recent_content,https://graph.facebook.com/v25.0/107579258704403,2026-07-11T08:05:16-04:00,,,,
,girlfriend-instagram:external:18060616307370977,girlfriend-instagram,instagram,Instagram,officialladysublime,18060616307370977,2025-08-16T02:03:30+0000,2025-08-16,Instagram reel,One time Jaime Preciado stood on my hand at a show. 🤭🖤,reel,https://www.instagram.com/reel/DNZfSCExWbY/,https://scontent-lga3-3.cdninstagram.com/v/t51.82787-15/533257521_18072217409164966_9222209372572372472_n.jpg?stp=dst-jpg_e35_tt6&_nc_cat=104&ccb=7-5&_nc_sid=18de74&efg=eyJlZmdfdGFnIjoiQ0xJUFMuYmVzdF9pbWFnZV91cmxnZW4uQzMifQ%3D%3D&_nc_ohc=qe3Qyep4MQUQ7kNvwGzxML-&_nc_oc=AdpQmAvVwHfDCmyj7wsZdbIq0ZWWr20YxR1zeJh4WxeFwc4jfJKxu3e-qa6Ho_b_CagLcAGV0ZGAwShm8qDcSwo1&_nc_zt=23&_nc_ht=scontent-lga3-3.cdninstagram.com&edm=AM6HXa8EAAAA&_nc_gid=HSJxCWM_OXg6RH2nW8PRnA&_nc_tpa=Q5bMBQHCgdy24dT0IPt5awVwy9ixhFKqr-7uffyjFLF_GHtiz7egeXCxDd12BmO36qNYFuecFQGWFO_00w&oh=00_AQCGiU2_WILVpwhoZUGlifHnD9dcFF0i_4U9Q6Cz-r3MRQ&oe=6A5815C4,https://scontent-lga3-2.cdninstagram.com/o1/v/t2/f2/m86/AQM5A_IISFgDHa1xMKlhixmfVujDttr0ww7STQcPI2iS8VArao3as8fArB9wHYVbgQ0VZABU_r4UhxKYqfFhe53CJb_C19wPVxCZ0zA.mp4?_nc_cat=107&_nc_sid=5e9851&_nc_ht=scontent-lga3-2.cdninstagram.com&_nc_ohc=OnhTpoiNGzkQ7kNvwH33A4E&efg=eyJ2ZW5jb2RlX3RhZyI6Inhwdl9wcm9ncmVzc2l2ZS5JTlNUQUdSQU0uQ0xJUFMuQzMuNzIwLmRhc2hfYmFzZWxpbmVfMV92MSIsInhwdl9hc3NldF9pZCI6MTQ2NjIwOTk1MTM4NzE0MSwiYXNzZXRfYWdlX2RheXMiOjMyOSwidmlfdXNlY2FzZV9pZCI6MTAwOTksImR1cmF0aW9uX3MiOjEwLCJ1cmxnZW5fc291cmNlIjoid3d3In0%3D&ccb=17-1&vs=50138e7765c9a05b&_nc_vs=HBksFQIYUmlnX3hwdl9yZWVsc19wZXJtYW5lbnRfc3JfcHJvZC9FMzQwQUMyRjE4REYwODc1MDg1ODhDNUU0NjdDNEZBMF92aWRlb19kYXNoaW5pdC5tcDQVAALIARIAFQIYSGlnX3hwdl9yZWVsc19wZXJtYW5lbnRfc3JfcHJvZC8yNDcxNjQ4MzA3NDYxNTgyNF81NjQ3OTU4NDA3Nzg1ODcyNzIzLm1wNBUCAsgBEgAoABgAGwKIB3VzZV9vaWwBMRJwcm9ncmVzc2l2ZV9yZWNpcGUBMRUAACaKuIy10-CaBRUCKAJDMywXQCS7ZFocrAgYEmRhc2hfYmFzZWxpbmVfMV92MREAdf4HZeadAQA&_nc_gid=HSJxCWM_OXg6RH2nW8PRnA&edm=AM6HXa8EAAAA&_nc_zt=28&oh=00_AQCGDbIGo-1oCz7Ct2OLXVzGIWO66IAgk_J64P7SGAoVIQ&oe=6A53F400,,,,,,6920,367,,7287,,,,meta_recent_content,https://graph.facebook.com/v25.0/17841434948962018,2026-07-11T08:05:13-04:00,,,,
,girlfriend-instagram:external:17903950800090654,girlfriend-instagram,instagram,Instagram,officialladysublime,17903950800090654,2025-07-28T07:03:20+0000,2025-07-28,Instagram reel,That feeling when you're 'too big' for everything? Pure bliss. The secret? Constant consumption and expansion. Clothes? Chairs? Restaurant booths? All too small.,reel,https://www.instagram.com/reel/DMpHJQnND4w/,https://scontent-lga3-1.cdninstagram.com/v/t51.82787-15/522640029_18070427663164966_7979084290024438449_n.jpg?stp=dst-jpg_e35_tt6&_nc_cat=110&ccb=7-5&_nc_sid=18de74&efg=eyJlZmdfdGFnIjoiQ0xJUFMuYmVzdF9pbWFnZV91cmxnZW4uQzMifQ%3D%3D&_nc_ohc=46wiQgxjCjMQ7kNvwFylJUf&_nc_oc=AdrVvAXs3dG0r6WMd3Al7_5mXl48p9KzpODNsA92xvJusd9e1-dEywUwH03NMNQB0kS7Wp5cRFFcPcKHBVKAHkyO&_nc_zt=23&_nc_ht=scontent-lga3-1.cdninstagram.com&edm=AM6HXa8EAAAA&_nc_gid=HSJxCWM_OXg6RH2nW8PRnA&_nc_tpa=Q5bMBQEX9TXHY-2tWvL4zRkSDCqTxzsZ6jefW_a2V1LbyQwsPhYDz9-w9ypwunPH3AA6Yk80xrC81ywNsw&oh=00_AQAPk_xZaAdhUxvQjRSDDYSPo9OpljQr9E2h6919miRu6Q&oe=6A57E9EF,https://scontent-lga3-3.cdninstagram.com/o1/v/t2/f2/m86/AQMIun2oy8Po0S7qhVxgyWoT1NnV_l1K7PLQTiStfEc13aqv9N3AUcI8BjQCb_uwdUh3JB4Ti13grwmF1D7n1cwmvDqS8vOXHNna9ls.mp4?_nc_cat=102&_nc_sid=5e9851&_nc_ht=scontent-lga3-3.cdninstagram.com&_nc_ohc=Xh1J8CVSXFgQ7kNvwEY3bCQ&efg=eyJ2ZW5jb2RlX3RhZyI6Inhwdl9wcm9ncmVzc2l2ZS5JTlNUQUdSQU0uQ0xJUFMuQzMuNzIwLmRhc2hfYmFzZWxpbmVfMV92MSIsInhwdl9hc3NldF9pZCI6NzI2ODE2MDkwMTM2NDQxLCJhc3NldF9hZ2VfZGF5cyI6MzQ4LCJ2aV91c2VjYXNlX2lkIjoxMDA5OSwiZHVyYXRpb25fcyI6MzYsInVybGdlbl9zb3VyY2UiOiJ3d3cifQ%3D%3D&ccb=17-1&vs=bc8af9c10373f0e2&_nc_vs=HBksFQIYUmlnX3hwdl9yZWVsc19wZXJtYW5lbnRfc3JfcHJvZC80OTQwQzdGRTdBNjMyNjg0RDcxNTZGQzU1RjRFMDdBQ192aWRlb19kYXNoaW5pdC5tcDQVAALIARIAFQIYSGlnX3hwdl9yZWVsc19wZXJtYW5lbnRfc3JfcHJvZC8yNDQyNTkyNTgxMzc0MTA2N18xMDkwMzMzNjMyNjU2NTExNTQ2Lm1wNBUCAsgBEgAoABgAGwKIB3VzZV9vaWwBMRJwcm9ncmVzc2l2ZV9yZWNpcGUBMRUAACby_fTtocLKAhUCKAJDMywXQEId0vGp--cYEmRhc2hfYmFzZWxpbmVfMV92MREAdf4HZeadAQA&_nc_gid=HSJxCWM_OXg6RH2nW8PRnA&edm=AM6HXa8EAAAA&_nc_zt=28&oh=00_AQAf_56mW_H03sb6FXDTLmIzA0P_ASP5_Mia9KaEVoN1iQ&oe=6A541933,,,,,,3344,60,,3404,,,,meta_recent_content,https://graph.facebook.com/v25.0/17841434948962018,2026-07-11T08:05:13-04:00,,,,
,lady-sublime-facebook-page:external:107579258704403_727270700070772,lady-sublime-facebook-page,facebook,Facebook Page,Lady Sublime,107579258704403_727270700070772,2025-07-28T07:00:57+0000,2025-07-28,Facebook Page reel,"That feeling of outgrowing old constraints? “The best fucking feeling in the world.” It's about pushing boundaries, physical and otherwise, and embracing growth, even when it means constant consumption and exceeding limitations. Are you growing?",reel,https://www.facebook.com/reel/1322477252730257/,https://scontent-lga3-1.xx.fbcdn.net/v/t15.5256-10/525329903_1241445860534395_1951471040506258113_n.jpg?stp=dst-jpg_s130x130_tt6&_nc_cat=111&ccb=1-7&_nc_sid=5fad0e&_nc_ohc=cX5uWidbGoMQ7kNvwFq4fcY&_nc_oc=AdoEIhZEg2Hoge9l0PAmhxAVSu-lUqTn7DQxqzJu-3zWRgqWy02B503XXFVHiSRjCI4FlwX-_VxJFhbqwpZNLJLh&_nc_zt=23&_nc_ht=scontent-lga3-1.xx&edm=AKIiGfEEAAAA&_nc_gid=6fslV95Bi8-TZ38ptEzV6g&_nc_tpa=Q5bMBQGveQUarg-7SqNVqm3n9q537o5aKaEqBWPo_LsFMnGu8Rx5DOoEXizClTO9c08absPIdvNhi9yd6w&oh=00_AQDarK49yKzMAYqjihHPyztTJpI8IuiFrcQB0vSOJcNbzw&oe=6A580A0C,https://scontent-lga3-1.xx.fbcdn.net/v/t15.5256-10/525329903_1241445860534395_1951471040506258113_n.jpg?_nc_cat=111&ccb=1-7&_nc_sid=5fad0e&_nc_ohc=cX5uWidbGoMQ7kNvwFq4fcY&_nc_oc=AdoEIhZEg2Hoge9l0PAmhxAVSu-lUqTn7DQxqzJu-3zWRgqWy02B503XXFVHiSRjCI4FlwX-_VxJFhbqwpZNLJLh&_nc_zt=23&_nc_ht=scontent-lga3-1.xx&edm=AKIiGfEEAAAA&_nc_gid=6fslV95Bi8-TZ38ptEzV6g&_nc_tpa=Q5bMBQH2RAIoCVPR3zISmP9NWZKvUy3dxF6lpL-8sD_L0v3b4ZpyO8vhvv9bkJc5EGqGRDNOB2O3rtmWgg&oh=00_AQCTdrfv969x-_jOfpD-kuM2p2gkex8aMHfp7cyebjCvkQ&oe=6A580A0C,,,,,,102,12,1,115,,,,meta_recent_content,https://graph.facebook.com/v25.0/107579258704403,2026-07-11T08:05:16-04:00,,,,
,lady-sublime-facebook-page:external:107579258704403_725416256922883,lady-sublime-facebook-page,facebook,Facebook Page,Lady Sublime,107579258704403_725416256922883,2025-07-25T20:02:55+0000,2025-07-25,Facebook Page post,Which part would make the best pillow? 😌,post,https://www.facebook.com/984245981039908/posts/725416256922883,https://scontent-lga3-2.xx.fbcdn.net/v/t51.82787-15/524640381_18070182779164966_4230269132870612228_n.jpg?stp=dst-jpg_s173x172_tt6&_nc_cat=101&ccb=1-7&_nc_sid=127cfc&_nc_ohc=CpDVKxcfpSAQ7kNvwF8NMIh&_nc_oc=AdrSdwYIRNUjmrYJ_2X510p3h4hhtu8Zg-4ABxIbD7tcS657davLHwu-gcgPVsmlQV6huO13Zm0bAaY1fzvNl3Om&_nc_zt=23&_nc_ht=scontent-lga3-2.xx&edm=AKIiGfEEAAAA&_nc_gid=6fslV95Bi8-TZ38ptEzV6g&_nc_tpa=Q5bMBQFKSOEJZaRAp4Iq3ZZkSRy5_jtUsFRLisWroACU-MOTmNBnPtN9zEm5cn9dlez09GRerhScibXjjw&oh=00_AQBr1ZIuRembIOft6sBK9RUL0dkamFkzTMjtsF_uIdgFog&oe=6A57FAE2,https://scontent-lga3-2.xx.fbcdn.net/v/t51.82787-15/524640381_18070182779164966_4230269132870612228_n.jpg?stp=dst-jpg_s960x960_tt6&_nc_cat=101&ccb=1-7&_nc_sid=127cfc&_nc_ohc=CpDVKxcfpSAQ7kNvwF8NMIh&_nc_oc=AdrSdwYIRNUjmrYJ_2X510p3h4hhtu8Zg-4ABxIbD7tcS657davLHwu-gcgPVsmlQV6huO13Zm0bAaY1fzvNl3Om&_nc_zt=23&_nc_ht=scontent-lga3-2.xx&edm=AKIiGfEEAAAA&_nc_gid=6fslV95Bi8-TZ38ptEzV6g&_nc_tpa=Q5bMBQEY-TsxhBN4nXzoUFaDMFWPC9mpitFThXizSi096FGEqgSPdGldBLNfHnUe_u-rLwvY0xgB2HJrHQ&oh=00_AQCz9AErSSGLZYvTlJuy3trC4A_PhSJCOR6w_7fWnYbenA&oe=6A57FAE2,,,,,,147,23,0,170,,,,meta_recent_content,https://graph.facebook.com/v25.0/107579258704403,2026-07-11T08:05:16-04:00,,,,
,girlfriend-instagram:external:18047923004565830,girlfriend-instagram,instagram,Instagram,officialladysublime,18047923004565830,2025-07-25T20:02:48+0000,2025-07-25,Instagram carousel_album,Which part would make the best pillow? 😌,carousel_album,https://www.instagram.com/p/DMiyCJpS826/,https://scontent-lga3-2.cdninstagram.com/v/t51.82787-15/524640381_18070182779164966_4230269132870612228_n.jpg?stp=dst-jpg_e35_tt6&_nc_cat=101&ccb=7-5&_nc_sid=18de74&efg=eyJlZmdfdGFnIjoiQ0FST1VTRUxfSVRFTS5iZXN0X2ltYWdlX3VybGdlbi5DMyJ9&_nc_ohc=CpDVKxcfpSAQ7kNvwF8NMIh&_nc_oc=AdrSdwYIRNUjmrYJ_2X510p3h4hhtu8Zg-4ABxIbD7tcS657davLHwu-gcgPVsmlQV6huO13Zm0bAaY1fzvNl3Om&_nc_zt=23&_nc_ht=scontent-lga3-2.cdninstagram.com&edm=AM6HXa8EAAAA&_nc_gid=HSJxCWM_OXg6RH2nW8PRnA&oh=00_AQCZ0H-K3STXXmyQhQLSPjOXG5GaeNRSw-s30OXK7-RKIg&oe=6A57FAE2,https://scontent-lga3-2.cdninstagram.com/v/t51.82787-15/524640381_18070182779164966_4230269132870612228_n.jpg?stp=dst-jpg_e35_tt6&_nc_cat=101&ccb=7-5&_nc_sid=18de74&efg=eyJlZmdfdGFnIjoiQ0FST1VTRUxfSVRFTS5iZXN0X2ltYWdlX3VybGdlbi5DMyJ9&_nc_ohc=CpDVKxcfpSAQ7kNvwF8NMIh&_nc_oc=AdrSdwYIRNUjmrYJ_2X510p3h4hhtu8Zg-4ABxIbD7tcS657davLHwu-gcgPVsmlQV6huO13Zm0bAaY1fzvNl3Om&_nc_zt=23&_nc_ht=scontent-lga3-2.cdninstagram.com&edm=AM6HXa8EAAAA&_nc_gid=HSJxCWM_OXg6RH2nW8PRnA&oh=00_AQCZ0H-K3STXXmyQhQLSPjOXG5GaeNRSw-s30OXK7-RKIg&oe=6A57FAE2,,,,,,6330,224,,6554,,,,meta_recent_content,https://graph.facebook.com/v25.0/17841434948962018,2026-07-11T08:05:13-04:00,,,,
,lady-sublime-facebook-page:external:107579258704403_665296046268238,lady-sublime-facebook-page,facebook,Facebook Page,Lady Sublime,107579258704403_665296046268238,2025-05-05T00:04:36+0000,2025-05-05,Facebook Page post,✨May the 4th be with you! ✨,post,https://www.facebook.com/984245981039908/posts/665296046268238,https://scontent-lga3-2.xx.fbcdn.net/v/t51.75761-15/495476490_18062332499164966_5665119942623708392_n.jpg?stp=dst-jpg_p130x130_tt6&_nc_cat=101&ccb=1-7&_nc_sid=127cfc&_nc_ohc=lL4fOQ4FnUoQ7kNvwGV1v56&_nc_oc=AdpFQUMX_gzVbYtaqYEmXFP5qb3HWAnI8xV52LP3pEcMTM5hM_x4oH0dKo6qSpdlUbajnN26_US4_BIxelOfbuvm&_nc_zt=23&_nc_ht=scontent-lga3-2.xx&edm=AKIiGfEEAAAA&_nc_gid=6fslV95Bi8-TZ38ptEzV6g&_nc_tpa=Q5bMBQEIkHb8-CDGvq_Aw72tTtwNimLQFXZOzYCoxNvVi7fKwfgt5vDcXcwnTMNywJQTGybxjEkcdfO1qw&oh=00_AQC_JK97qoWt3qEv98rsbAL8izPWdNwJZdE1LNHnDTQFiA&oe=6A581004,https://scontent-lga3-2.xx.fbcdn.net/v/t51.75761-15/495476490_18062332499164966_5665119942623708392_n.jpg?stp=dst-jpg_p720x720_tt6&_nc_cat=101&ccb=1-7&_nc_sid=127cfc&_nc_ohc=lL4fOQ4FnUoQ7kNvwGV1v56&_nc_oc=AdpFQUMX_gzVbYtaqYEmXFP5qb3HWAnI8xV52LP3pEcMTM5hM_x4oH0dKo6qSpdlUbajnN26_US4_BIxelOfbuvm&_nc_zt=23&_nc_ht=scontent-lga3-2.xx&edm=AKIiGfEEAAAA&_nc_gid=6fslV95Bi8-TZ38ptEzV6g&_nc_tpa=Q5bMBQHadyjTcvFfBe-t7z3ToV1tH4mq3L_2PkX5Rw_oJrHIYr7Z7_wSApmke41DwSQKSykit3U36-sNmg&oh=00_AQActfAB-FAHo9X7PyzvYFHeWSQ9ncpmaaGJtR80nTZC-Q&oe=6A581004,,,,,,165,17,0,182,,,,meta_recent_content,https://graph.facebook.com/v25.0/107579258704403,2026-07-11T08:05:16-04:00,,,,
,girlfriend-instagram:external:18018594410705739,girlfriend-instagram,instagram,Instagram,officialladysublime,18018594410705739,2025-05-05T00:04:32+0000,2025-05-05,Instagram image,✨May the 4th be with you! ✨,image,https://www.instagram.com/p/DJQEg6TyS6K/,https://scontent-lga3-2.cdninstagram.com/v/t51.75761-15/495476490_18062332499164966_5665119942623708392_n.jpg?stp=dst-jpg_e35_tt6&_nc_cat=101&ccb=7-5&_nc_sid=18de74&efg=eyJlZmdfdGFnIjoiRkVFRC5iZXN0X2ltYWdlX3VybGdlbi5DMyJ9&_nc_ohc=lL4fOQ4FnUoQ7kNvwGV1v56&_nc_oc=AdpFQUMX_gzVbYtaqYEmXFP5qb3HWAnI8xV52LP3pEcMTM5hM_x4oH0dKo6qSpdlUbajnN26_US4_BIxelOfbuvm&_nc_zt=23&_nc_ht=scontent-lga3-2.cdninstagram.com&edm=AM6HXa8EAAAA&_nc_gid=HSJxCWM_OXg6RH2nW8PRnA&oh=00_AQDv_a4damQGMhnNFJVFOiWWIDQCbwcQQoIwEC6yq-uXWA&oe=6A581004,https://scontent-lga3-2.cdninstagram.com/v/t51.75761-15/495476490_18062332499164966_5665119942623708392_n.jpg?stp=dst-jpg_e35_tt6&_nc_cat=101&ccb=7-5&_nc_sid=18de74&efg=eyJlZmdfdGFnIjoiRkVFRC5iZXN0X2ltYWdlX3VybGdlbi5DMyJ9&_nc_ohc=lL4fOQ4FnUoQ7kNvwGV1v56&_nc_oc=AdpFQUMX_gzVbYtaqYEmXFP5qb3HWAnI8xV52LP3pEcMTM5hM_x4oH0dKo6qSpdlUbajnN26_US4_BIxelOfbuvm&_nc_zt=23&_nc_ht=scontent-lga3-2.cdninstagram.com&edm=AM6HXa8EAAAA&_nc_gid=HSJxCWM_OXg6RH2nW8PRnA&oh=00_AQDv_a4damQGMhnNFJVFOiWWIDQCbwcQQoIwEC6yq-uXWA&oe=6A581004,,,,,,4972,126,,5098,,,,meta_recent_content,https://graph.facebook.com/v25.0/17841434948962018,2026-07-11T08:05:13-04:00,,,,
,girlfriend-instagram:external:17970736406854744,girlfriend-instagram,instagram,Instagram,officialladysublime,17970736406854744,2025-05-03T03:24:54+0000,2025-05-03,Instagram reel,I think I’m seeing gains already! 😍,reel,https://www.instagram.com/reel/DJLRNa9xRUX/,https://scontent-lga3-1.cdninstagram.com/v/t51.75761-15/495308979_18062154608164966_4697782671085275170_n.jpg?stp=dst-jpg_e35_tt6&_nc_cat=111&ccb=7-5&_nc_sid=18de74&efg=eyJlZmdfdGFnIjoiQ0xJUFMuYmVzdF9pbWFnZV91cmxnZW4uQzMifQ%3D%3D&_nc_ohc=6emxPwsN1doQ7kNvwGygQHD&_nc_oc=AdodFK2lnzDoX5IUV120B_1APKnVNknc8EydArTZt4ul69dpC_yqd6kkhEtgJ7cHlo4jmnZ0Ph1JzkzWyt7hbsEM&_nc_zt=23&_nc_ht=scontent-lga3-1.cdninstagram.com&edm=AM6HXa8EAAAA&_nc_gid=HSJxCWM_OXg6RH2nW8PRnA&_nc_tpa=Q5bMBQExaslZb4ZUQaQCeJHNBu0n-NHqsLB8g50zaVgajT7GAD0CtumLkffA7bflgy1YTDqB0q6siPTUVQ&oh=00_AQCDYuh41R2ZWFji-W6cpWMLHdbOXfRouWCLZ6zHICMMOg&oe=6A57F695,https://scontent-lga3-1.cdninstagram.com/o1/v/t2/f2/m367/AQNh5k3Sv2e8gbscSArMLoSpHDgx68pLaOPnf0oEfes80uHm7jBt9xbHNHfHI8S6vU_HEohYEEnjCEQQnB8-3mOJ3bPiHWy5ltmd6jc.mp4?_nc_cat=111&_nc_sid=5e9851&_nc_ht=scontent-lga3-1.cdninstagram.com&_nc_ohc=sp13aNGWNkUQ7kNvwHWO7d6&efg=eyJ2ZW5jb2RlX3RhZyI6Inhwdl9wcm9ncmVzc2l2ZS5JTlNUQUdSQU0uQ0xJUFMuQzMuNzIwLmRhc2hfYmFzZWxpbmVfMV92MSIsInhwdl9hc3NldF9pZCI6MTE4NDY5NTcwOTY0MDczNCwiYXNzZXRfYWdlX2RheXMiOjQzNCwidmlfdXNlY2FzZV9pZCI6MTAwOTksImR1cmF0aW9uX3MiOjEwLCJ1cmxnZW5fc291cmNlIjoid3d3In0%3D&ccb=17-1&vs=2935bccfbd297947&_nc_vs=HBksFQIYQGlnX2VwaGVtZXJhbC83QjQyNTA1OTM4QzFGQTFFRTU1NDhDRDI5NjczMDA4Rl92aWRlb19kYXNoaW5pdC5tcDQVAALIARIAFQIYR2lnX3hwdl9yZWVsc19wZXJtYW5lbnRfc3JfcHJvZC8xMzU5MjkzMTY1MTEwNzc5XzU4MTM5OTI0MDY2NTczMjAwNDgubXA0FQICyAESACgAGAAbAogHdXNlX29pbAExEnByb2dyZXNzaXZlX3JlY2lwZQExFQAAJryghe-u3poEFQIoAkMzLBdAJUQYk3S8ahgSZGFzaF9iYXNlbGluZV8xX3YxEQB1_gdl5p0BAA&_nc_gid=HSJxCWM_OXg6RH2nW8PRnA&edm=AM6HXa8EAAAA&_nc_zt=28&oh=00_AQB1eY3e5Thj4slLpSyddERUcch5wgb5P_wxQ8G7gBfHFw&oe=6A580480,,,,,,14783,636,,15419,,,,meta_recent_content,https://graph.facebook.com/v25.0/17841434948962018,2026-07-11T08:05:13-04:00,,,,
,lady-sublime-facebook-page:external:107579258704403_660861336711709,lady-sublime-facebook-page,facebook,Facebook Page,Lady Sublime,107579258704403_660861336711709,2025-04-29T01:45:50+0000,2025-04-29,Facebook Page post,Dr. Sublime is ready to see you now. 😏,post,https://www.facebook.com/984245981039908/posts/660861336711709,https://scontent-lga3-1.xx.fbcdn.net/v/t51.75761-15/494053513_18061778438164966_4576902086793071055_n.jpg?stp=dst-jpg_p130x130_tt6&_nc_cat=103&ccb=1-7&_nc_sid=127cfc&_nc_ohc=SbnIKVu9HqsQ7kNvwFlgZXp&_nc_oc=Adoml2INX551JtoKgoeoHmej5-cKJQfkKvmWZcctvibur_VOzvF0qf6Eg2Hkfa2sgQhOO35_BAj50MdjkA-wSNw3&_nc_zt=23&_nc_ht=scontent-lga3-1.xx&edm=AKIiGfEEAAAA&_nc_gid=6fslV95Bi8-TZ38ptEzV6g&_nc_tpa=Q5bMBQGMRJWt83WxBqlNcVHpR52Oo0H2dAbW7_SqFq3-Wc0hzd6Ur9RPPrfMS2IEUeDKtzrge0SEMRwxUA&oh=00_AQBiHuXxzneVY__fX0KwU2lKVSzORId9bipML7SGUrCQ2w&oe=6A57EE41,https://scontent-lga3-1.xx.fbcdn.net/v/t51.75761-15/494053513_18061778438164966_4576902086793071055_n.jpg?stp=dst-jpg_p720x720_tt6&_nc_cat=103&ccb=1-7&_nc_sid=127cfc&_nc_ohc=SbnIKVu9HqsQ7kNvwFlgZXp&_nc_oc=Adoml2INX551JtoKgoeoHmej5-cKJQfkKvmWZcctvibur_VOzvF0qf6Eg2Hkfa2sgQhOO35_BAj50MdjkA-wSNw3&_nc_zt=23&_nc_ht=scontent-lga3-1.xx&edm=AKIiGfEEAAAA&_nc_gid=6fslV95Bi8-TZ38ptEzV6g&_nc_tpa=Q5bMBQH9CeyRZpPen5bLYZBsO_ahEz05EhOwoja7eBUH5uDNWr7JX_6aMERcw8frsma_Lte4IWRimptToA&oh=00_AQBIeN_Py6JvGc0lC-K9b-AI9ORJ2cWrefvshnghHWpKsw&oe=6A57EE41,,,,,,118,10,0,128,,,,meta_recent_content,https://graph.facebook.com/v25.0/107579258704403,2026-07-11T08:05:16-04:00,,,,
,girlfriend-instagram:external:18059299847172098,girlfriend-instagram,instagram,Instagram,officialladysublime,18059299847172098,2025-04-29T01:45:45+0000,2025-04-29,Instagram carousel_album,Dr. Sublime will see you now. 😏,carousel_album,https://www.instagram.com/p/DJAzU8jPLTg/,https://scontent-lga3-1.cdninstagram.com/v/t51.75761-15/494053513_18061778438164966_4576902086793071055_n.jpg?stp=dst-jpg_e35_tt6&_nc_cat=103&ccb=7-5&_nc_sid=18de74&efg=eyJlZmdfdGFnIjoiQ0FST1VTRUxfSVRFTS5iZXN0X2ltYWdlX3VybGdlbi5DMyJ9&_nc_ohc=SbnIKVu9HqsQ7kNvwFlgZXp&_nc_oc=Adoml2INX551JtoKgoeoHmej5-cKJQfkKvmWZcctvibur_VOzvF0qf6Eg2Hkfa2sgQhOO35_BAj50MdjkA-wSNw3&_nc_zt=23&_nc_ht=scontent-lga3-1.cdninstagram.com&edm=AM6HXa8EAAAA&_nc_gid=HSJxCWM_OXg6RH2nW8PRnA&oh=00_AQDb0QXOTBHyG8IkOismZQT8iOz-nZxnFbGPXkT5f_25Vg&oe=6A57EE41,https://scontent-lga3-1.cdninstagram.com/v/t51.75761-15/494053513_18061778438164966_4576902086793071055_n.jpg?stp=dst-jpg_e35_tt6&_nc_cat=103&ccb=7-5&_nc_sid=18de74&efg=eyJlZmdfdGFnIjoiQ0FST1VTRUxfSVRFTS5iZXN0X2ltYWdlX3VybGdlbi5DMyJ9&_nc_ohc=SbnIKVu9HqsQ7kNvwFlgZXp&_nc_oc=Adoml2INX551JtoKgoeoHmej5-cKJQfkKvmWZcctvibur_VOzvF0qf6Eg2Hkfa2sgQhOO35_BAj50MdjkA-wSNw3&_nc_zt=23&_nc_ht=scontent-lga3-1.cdninstagram.com&edm=AM6HXa8EAAAA&_nc_gid=HSJxCWM_OXg6RH2nW8PRnA&oh=00_AQDb0QXOTBHyG8IkOismZQT8iOz-nZxnFbGPXkT5f_25Vg&oe=6A57EE41,,,,,,4145,115,,4260,,,,meta_recent_content,https://graph.facebook.com/v25.0/17841434948962018,2026-07-11T08:05:13-04:00,,,,
,lady-sublime-facebook-page:external:107579258704403_652493124215197,lady-sublime-facebook-page,facebook,Facebook Page,Lady Sublime,107579258704403_652493124215197,2025-04-18T02:00:00+0000,2025-04-18,Facebook Page post,Do these shorts make my everything look big? 🤭,post,https://www.facebook.com/984245981039908/posts/652493124215197,https://scontent-lga3-3.xx.fbcdn.net/v/t51.75761-15/491440472_18060786050164966_1891786714272786514_n.jpg?stp=dst-jpg_p130x130_tt6&_nc_cat=102&ccb=1-7&_nc_sid=127cfc&_nc_ohc=OAr2ltax1OcQ7kNvwHyJjH0&_nc_oc=Adr6U456xAcfNMgtDkf1_vKbVXQFl1647bki3FXsz1G9LD-pFTQbnsY2q7M0Q6PmufhcCalJARRlKGTVjJKMIECE&_nc_zt=23&_nc_ht=scontent-lga3-3.xx&edm=AKIiGfEEAAAA&_nc_gid=6fslV95Bi8-TZ38ptEzV6g&_nc_tpa=Q5bMBQGrZJNagl83_B6sYQ-TEeV_U67Xw45saXrpePRHU0sJ5srobPYExBcbKVUY3cVZiU_kWWq64siR6g&oh=00_AQBN_W87pY69WBwBSXmkbwaA7xKQfTJGSWzK_hY8qlbBcw&oe=6A580691,https://scontent-lga3-3.xx.fbcdn.net/v/t51.75761-15/491440472_18060786050164966_1891786714272786514_n.jpg?stp=dst-jpg_p720x720_tt6&_nc_cat=102&ccb=1-7&_nc_sid=127cfc&_nc_ohc=OAr2ltax1OcQ7kNvwHyJjH0&_nc_oc=Adr6U456xAcfNMgtDkf1_vKbVXQFl1647bki3FXsz1G9LD-pFTQbnsY2q7M0Q6PmufhcCalJARRlKGTVjJKMIECE&_nc_zt=23&_nc_ht=scontent-lga3-3.xx&edm=AKIiGfEEAAAA&_nc_gid=6fslV95Bi8-TZ38ptEzV6g&_nc_tpa=Q5bMBQGp7By9WCXPamxOMgxshDB4spYyckZlNCRtyyYdO4mbNvPXjF63wXISUvoh6sS8KuPzDTwLsMMupQ&oh=00_AQAUMbBrs--saOo8u8MMVcifhPCFatqVNZT0pJraXWDYdQ&oe=6A580691,,,,,,214,37,1,252,,,,meta_recent_content,https://graph.facebook.com/v25.0/107579258704403,2026-07-11T08:05:16-04:00,,,,
,girlfriend-instagram:external:18051439073252345,girlfriend-instagram,instagram,Instagram,officialladysublime,18051439073252345,2025-04-18T01:59:54+0000,2025-04-18,Instagram carousel_album,Do these shorts make my everything look big? 🤭,carousel_album,https://www.instagram.com/p/DIkgNApR52x/,https://scontent-lga3-3.cdninstagram.com/v/t51.75761-15/491440472_18060786050164966_1891786714272786514_n.jpg?stp=dst-jpg_e35_tt6&_nc_cat=102&ccb=7-5&_nc_sid=18de74&efg=eyJlZmdfdGFnIjoiQ0FST1VTRUxfSVRFTS5iZXN0X2ltYWdlX3VybGdlbi5DMyJ9&_nc_ohc=OAr2ltax1OcQ7kNvwHyJjH0&_nc_oc=Adr6U456xAcfNMgtDkf1_vKbVXQFl1647bki3FXsz1G9LD-pFTQbnsY2q7M0Q6PmufhcCalJARRlKGTVjJKMIECE&_nc_zt=23&_nc_ht=scontent-lga3-3.cdninstagram.com&edm=AM6HXa8EAAAA&_nc_gid=HSJxCWM_OXg6RH2nW8PRnA&oh=00_AQBHcR1ZgDlegxOcEdNvRZQxcU_42XkrytzBASEJc8vAIQ&oe=6A580691,https://scontent-lga3-3.cdninstagram.com/v/t51.75761-15/491440472_18060786050164966_1891786714272786514_n.jpg?stp=dst-jpg_e35_tt6&_nc_cat=102&ccb=7-5&_nc_sid=18de74&efg=eyJlZmdfdGFnIjoiQ0FST1VTRUxfSVRFTS5iZXN0X2ltYWdlX3VybGdlbi5DMyJ9&_nc_ohc=OAr2ltax1OcQ7kNvwHyJjH0&_nc_oc=Adr6U456xAcfNMgtDkf1_vKbVXQFl1647bki3FXsz1G9LD-pFTQbnsY2q7M0Q6PmufhcCalJARRlKGTVjJKMIECE&_nc_zt=23&_nc_ht=scontent-lga3-3.cdninstagram.com&edm=AM6HXa8EAAAA&_nc_gid=HSJxCWM_OXg6RH2nW8PRnA&oh=00_AQBHcR1ZgDlegxOcEdNvRZQxcU_42XkrytzBASEJc8vAIQ&oe=6A580691,,,,,,6863,212,,7075,,,,meta_recent_content,https://graph.facebook.com/v25.0/17841434948962018,2026-07-11T08:05:13-04:00,,,,
,girlfriend-instagram:external:17969435612732300,girlfriend-instagram,instagram,Instagram,officialladysublime,17969435612732300,2025-04-07T21:54:42+0000,2025-04-07,Instagram reel,How would you satisfy my sweet tooth? 🍪🍫🍩,reel,https://www.instagram.com/reel/DIKTt55hK92/,https://scontent-lga3-1.cdninstagram.com/v/t51.75761-15/488952708_18059894576164966_2146561181948041792_n.jpg?stp=dst-jpg_e35_tt6&_nc_cat=109&ccb=7-5&_nc_sid=18de74&efg=eyJlZmdfdGFnIjoiQ0xJUFMuYmVzdF9pbWFnZV91cmxnZW4uQzMifQ%3D%3D&_nc_ohc=Tstv79u2f_MQ7kNvwHDFeBs&_nc_oc=Adp1wq9faVyfuf42R4VAHZTRo4OBtOug0O3Psc3DbTk7P7rd0L1dJD-t03r4tLlVxaIO_bgDNjLlRTZx0bpW5y1J&_nc_zt=23&_nc_ht=scontent-lga3-1.cdninstagram.com&edm=AM6HXa8EAAAA&_nc_gid=HSJxCWM_OXg6RH2nW8PRnA&_nc_tpa=Q5bMBQHuR5ybFvR1zsNTXZ9pxIsuOIef6or2nbVlmNHMSBBshmPRsnsWlkqFsbZzHWejw7KkzQ-IVPDZEA&oh=00_AQBJpsUCvvhZWyodpgJeIjnGK5_uIQ45cUny7S-B5o303A&oe=6A5809AF,https://scontent-lga3-1.cdninstagram.com/o1/v/t2/f2/m367/AQNqFBZgzFoqZimgMir45kl9yWvdSDE_lYFbFrCGz0-14YIJjmhyUxdGlKa5vYlKn9X9qynjO0qqN5-UsR0uonknJ_HfNuT1q08xqFo.mp4?_nc_cat=103&_nc_sid=5e9851&_nc_ht=scontent-lga3-1.cdninstagram.com&_nc_ohc=lw2w8kBBRLQQ7kNvwFqQTrN&efg=eyJ2ZW5jb2RlX3RhZyI6Inhwdl9wcm9ncmVzc2l2ZS5JTlNUQUdSQU0uQ0xJUFMuQzMuNzIwLmRhc2hfYmFzZWxpbmVfMV92MSIsInhwdl9hc3NldF9pZCI6MTczODU1Nzk3NjcyMzcwNCwiYXNzZXRfYWdlX2RheXMiOjQ1OSwidmlfdXNlY2FzZV9pZCI6MTAwOTksImR1cmF0aW9uX3MiOjI2LCJ1cmxnZW5fc291cmNlIjoid3d3In0%3D&ccb=17-1&vs=f0e333b6eecdf384&_nc_vs=HBksFQIYQGlnX2VwaGVtZXJhbC8wNjRBODBERTk5REVCNzBGREEzMzQ3QTU4RTAzNEVCOF92aWRlb19kYXNoaW5pdC5tcDQVAALIARIAFQIYR2lnX3hwdl9yZWVsc19wZXJtYW5lbnRfc3JfcHJvZC8xMzU0MjA5NTA5MjMyMDIyXzY1MDIwODgyOTQ0NTc3ODE5OTYubXA0FQICyAESACgAGAAbAogHdXNlX29pbAExEnByb2dyZXNzaXZlX3JlY2lwZQExFQAAJvCD_qmyzZYGFQIoAkMzLBdAOkQYk3S8ahgSZGFzaF9iYXNlbGluZV8xX3YxEQB1_gdl5p0BAA&_nc_gid=HSJxCWM_OXg6RH2nW8PRnA&edm=AM6HXa8EAAAA&_nc_zt=28&oh=00_AQAM6kozMqepgy0V42lp7uOyUHZZVP6BYl-lGw3aRg_5HQ&oe=6A580F60,,,,,,15951,619,,16570,,,,meta_recent_content,https://graph.facebook.com/v25.0/17841434948962018,2026-07-11T08:05:13-04:00,,,,
,lady-sublime-facebook-page:external:107579258704403_634848505979659,lady-sublime-facebook-page,facebook,Facebook Page,Lady Sublime,107579258704403_634848505979659,2025-03-26T23:40:04+0000,2025-03-26,Facebook Page post,Where we gonna cuddle? 💜,post,https://www.facebook.com/984245981039908/posts/634848505979659,https://scontent-lga3-2.xx.fbcdn.net/v/t51.75761-15/487214595_18058802999164966_6406671701791006984_n.jpg?stp=dst-jpg_p130x130_tt6&_nc_cat=105&ccb=1-7&_nc_sid=127cfc&_nc_ohc=SvzLfuwde2gQ7kNvwHzrukC&_nc_oc=Adr-X237GXD4S6VUwBriVy2zYhod0KP1O3EGTZjdxVL9IwEgZxWg3cuZMmCMopZenDkhbp5ZYS5zp--zIvm8hOa3&_nc_zt=23&_nc_ht=scontent-lga3-2.xx&edm=AKIiGfEEAAAA&_nc_gid=6fslV95Bi8-TZ38ptEzV6g&_nc_tpa=Q5bMBQFiF7z5PRs29eSlAECE6wdyT-AwaTa2UCgaKLAGC7ESr0DEqiILLwZbuopihtuhD9QR9JPdyBLgkg&oh=00_AQBjSrxg6iNotQ7aGPNh6x6KygSu5NjKZiG5CzN7LvemBA&oe=6A57FE3B,https://scontent-lga3-2.xx.fbcdn.net/v/t51.75761-15/487214595_18058802999164966_6406671701791006984_n.jpg?stp=dst-jpg_p720x720_tt6&_nc_cat=105&ccb=1-7&_nc_sid=127cfc&_nc_ohc=SvzLfuwde2gQ7kNvwHzrukC&_nc_oc=Adr-X237GXD4S6VUwBriVy2zYhod0KP1O3EGTZjdxVL9IwEgZxWg3cuZMmCMopZenDkhbp5ZYS5zp--zIvm8hOa3&_nc_zt=23&_nc_ht=scontent-lga3-2.xx&edm=AKIiGfEEAAAA&_nc_gid=6fslV95Bi8-TZ38ptEzV6g&_nc_tpa=Q5bMBQGZPzTDxUTwlFtgbaLkeBOJtx6Zcw-5LbQ3EVCCYZHgcwKSXLK2MCoB_AT4JFl8jVac8uTj_KBM_A&oh=00_AQC5-rtV1oeoanhdUbWtws_yu8OGsFlZRO2j_HkYy43VpQ&oe=6A57FE3B,,,,,,259,38,5,302,,,,meta_recent_content,https://graph.facebook.com/v25.0/107579258704403,2026-07-11T08:05:16-04:00,,,,
,girlfriend-instagram:external:18041644856595132,girlfriend-instagram,instagram,Instagram,officialladysublime,18041644856595132,2025-03-26T23:40:00+0000,2025-03-26,Instagram image,Where we gonna cuddle? 💜,image,https://www.instagram.com/p/DHrmtF5yn4j/,https://scontent-lga3-2.cdninstagram.com/v/t51.75761-15/487214595_18058802999164966_6406671701791006984_n.jpg?stp=dst-jpg_e35_tt6&_nc_cat=105&ccb=7-5&_nc_sid=18de74&efg=eyJlZmdfdGFnIjoiRkVFRC5iZXN0X2ltYWdlX3VybGdlbi5DMyJ9&_nc_ohc=SvzLfuwde2gQ7kNvwHzrukC&_nc_oc=Adr-X237GXD4S6VUwBriVy2zYhod0KP1O3EGTZjdxVL9IwEgZxWg3cuZMmCMopZenDkhbp5ZYS5zp--zIvm8hOa3&_nc_zt=23&_nc_ht=scontent-lga3-2.cdninstagram.com&edm=AM6HXa8EAAAA&_nc_gid=HSJxCWM_OXg6RH2nW8PRnA&oh=00_AQAu1I1rOzGiWj4dbrykPOsKygfdf92bhlVst4qXaETHmw&oe=6A57FE3B,https://scontent-lga3-2.cdninstagram.com/v/t51.75761-15/487214595_18058802999164966_6406671701791006984_n.jpg?stp=dst-jpg_e35_tt6&_nc_cat=105&ccb=7-5&_nc_sid=18de74&efg=eyJlZmdfdGFnIjoiRkVFRC5iZXN0X2ltYWdlX3VybGdlbi5DMyJ9&_nc_ohc=SvzLfuwde2gQ7kNvwHzrukC&_nc_oc=Adr-X237GXD4S6VUwBriVy2zYhod0KP1O3EGTZjdxVL9IwEgZxWg3cuZMmCMopZenDkhbp5ZYS5zp--zIvm8hOa3&_nc_zt=23&_nc_ht=scontent-lga3-2.cdninstagram.com&edm=AM6HXa8EAAAA&_nc_gid=HSJxCWM_OXg6RH2nW8PRnA&oh=00_AQAu1I1rOzGiWj4dbrykPOsKygfdf92bhlVst4qXaETHmw&oe=6A57FE3B,,,,,,5786,142,,5928,,,,meta_recent_content,https://graph.facebook.com/v25.0/17841434948962018,2026-07-11T08:05:13-04:00,,,,
,lady-sublime-facebook-page:external:107579258704403_622718760525967,lady-sublime-facebook-page,facebook,Facebook Page,Lady Sublime,107579258704403_622718760525967,2025-03-11T18:48:25+0000,2025-03-11,Facebook Page post,Be my gym buddy? 😘,post,https://www.facebook.com/984245981039908/posts/622718760525967,https://scontent-lga3-3.xx.fbcdn.net/v/t51.75761-15/483541168_18057392747164966_8748066982280897380_n.jpg?stp=dst-jpg_s130x130_tt6&_nc_cat=106&ccb=1-7&_nc_sid=127cfc&_nc_ohc=BORgBrKgGOEQ7kNvwFdoUaX&_nc_oc=AdoCMq-lATex5a-0XKvQW9oV9Kc4SnfEdc7wIboEWgiu-nqE52UKgU3RM-VKYNz1IBZCfyknhiRP9V735Z496fFh&_nc_zt=23&_nc_ht=scontent-lga3-3.xx&edm=AKIiGfEEAAAA&_nc_gid=6fslV95Bi8-TZ38ptEzV6g&_nc_tpa=Q5bMBQHt6vQcQY61fyV2NS0qL-ZcG-aCO_Ue5E4duGZT_DiftK4pXzxmgozkshBbdMUZQxz5Y_SksdJeEQ&oh=00_AQA51OZGZdXxTBMKlUVW2FoagKsb1aSWkGa38BQIZBEi8w&oe=6A57F856,https://scontent-lga3-3.xx.fbcdn.net/v/t51.75761-15/483541168_18057392747164966_8748066982280897380_n.jpg?stp=dst-jpg_s720x720_tt6&_nc_cat=106&ccb=1-7&_nc_sid=127cfc&_nc_ohc=BORgBrKgGOEQ7kNvwFdoUaX&_nc_oc=AdoCMq-lATex5a-0XKvQW9oV9Kc4SnfEdc7wIboEWgiu-nqE52UKgU3RM-VKYNz1IBZCfyknhiRP9V735Z496fFh&_nc_zt=23&_nc_ht=scontent-lga3-3.xx&edm=AKIiGfEEAAAA&_nc_gid=6fslV95Bi8-TZ38ptEzV6g&_nc_tpa=Q5bMBQGEQaJXFDI3YJrhy2C90Jv4AQlL-Yaj3GQW7kS2VcRmnA9I11PsAFYLn67OKQRjNtn9pDbuGvHSnQ&oh=00_AQDBzy2825ycvQIvO2smKaGR_H9qrqhrS7KfaxORYJFZ8w&oe=6A57F856,,,,,,253,34,6,293,,,,meta_recent_content,https://graph.facebook.com/v25.0/107579258704403,2026-07-11T08:05:16-04:00,,,,
,girlfriend-instagram:external:17843696430441767,girlfriend-instagram,instagram,Instagram,officialladysublime,17843696430441767,2025-03-11T18:48:21+0000,2025-03-11,Instagram carousel_album,Be my gym buddy? 😘,carousel_album,https://www.instagram.com/p/DHEdZ3uS4nc/,https://scontent-lga3-3.cdninstagram.com/v/t51.75761-15/483541168_18057392747164966_8748066982280897380_n.jpg?stp=dst-jpg_e35_tt6&_nc_cat=106&ccb=7-5&_nc_sid=18de74&efg=eyJlZmdfdGFnIjoiQ0FST1VTRUxfSVRFTS5iZXN0X2ltYWdlX3VybGdlbi5DMyJ9&_nc_ohc=BORgBrKgGOEQ7kNvwFdoUaX&_nc_oc=AdoCMq-lATex5a-0XKvQW9oV9Kc4SnfEdc7wIboEWgiu-nqE52UKgU3RM-VKYNz1IBZCfyknhiRP9V735Z496fFh&_nc_zt=23&_nc_ht=scontent-lga3-3.cdninstagram.com&edm=AM6HXa8EAAAA&_nc_gid=HSJxCWM_OXg6RH2nW8PRnA&oh=00_AQBaJeausDPaYECU9Mbm-NcHbPSzCsr8B6lj4oNAcAvVlQ&oe=6A57F856,https://scontent-lga3-3.cdninstagram.com/v/t51.75761-15/483541168_18057392747164966_8748066982280897380_n.jpg?stp=dst-jpg_e35_tt6&_nc_cat=106&ccb=7-5&_nc_sid=18de74&efg=eyJlZmdfdGFnIjoiQ0FST1VTRUxfSVRFTS5iZXN0X2ltYWdlX3VybGdlbi5DMyJ9&_nc_ohc=BORgBrKgGOEQ7kNvwFdoUaX&_nc_oc=AdoCMq-lATex5a-0XKvQW9oV9Kc4SnfEdc7wIboEWgiu-nqE52UKgU3RM-VKYNz1IBZCfyknhiRP9V735Z496fFh&_nc_zt=23&_nc_ht=scontent-lga3-3.cdninstagram.com&edm=AM6HXa8EAAAA&_nc_gid=HSJxCWM_OXg6RH2nW8PRnA&oh=00_AQBaJeausDPaYECU9Mbm-NcHbPSzCsr8B6lj4oNAcAvVlQ&oe=6A57F856,,,,,,6732,209,,6941,,,,meta_recent_content,https://graph.facebook.com/v25.0/17841434948962018,2026-07-11T08:05:13-04:00,,,,
,lady-sublime-facebook-page:external:107579258704403_614825214648655,lady-sublime-facebook-page,facebook,Facebook Page,Lady Sublime,107579258704403_614825214648655,2025-03-01T05:54:12+0000,2025-03-01,Facebook Page post,Where are you squeezing first? 😍,post,https://www.facebook.com/984245981039908/posts/614825214648655,https://scontent-lga3-3.xx.fbcdn.net/v/t51.75761-15/482145695_18056302139164966_1855351836441869056_n.jpg?stp=dst-jpg_p130x130_tt6&_nc_cat=108&ccb=1-7&_nc_sid=127cfc&_nc_ohc=cYtVd-F9fdEQ7kNvwEXhrbv&_nc_oc=Adp6NLDejSgmxR63CI_eBRp8DckQP_ypHCPAl_pNQwJFtQMqf_qpwkew__gVFku2DqwA-hPt9t7_cVEu0uxy1If7&_nc_zt=23&_nc_ht=scontent-lga3-3.xx&edm=AKIiGfEEAAAA&_nc_gid=6fslV95Bi8-TZ38ptEzV6g&_nc_tpa=Q5bMBQE3P02gt2iQNzqWOvbVH3nHL5RMY-cjz2EjIGQJslG2AhWasqhXEIhjsz4dPZ5Xg-x09kTy7OZacA&oh=00_AQBrNQhSVZ19G_8vm-j6HG_2HYBeD2bnN4g3SxpGfHYQHQ&oe=6A580341,https://scontent-lga3-3.xx.fbcdn.net/v/t51.75761-15/482145695_18056302139164966_1855351836441869056_n.jpg?stp=dst-jpg_p720x720_tt6&_nc_cat=108&ccb=1-7&_nc_sid=127cfc&_nc_ohc=cYtVd-F9fdEQ7kNvwEXhrbv&_nc_oc=Adp6NLDejSgmxR63CI_eBRp8DckQP_ypHCPAl_pNQwJFtQMqf_qpwkew__gVFku2DqwA-hPt9t7_cVEu0uxy1If7&_nc_zt=23&_nc_ht=scontent-lga3-3.xx&edm=AKIiGfEEAAAA&_nc_gid=6fslV95Bi8-TZ38ptEzV6g&_nc_tpa=Q5bMBQGYkRN6_sWY5esoGftSOKFbO3ujar8Fb94HlBbb--dXVq1oH30Pye1U5yd3HhQ7eclewTYzOorm6A&oh=00_AQDeCb1pLq5T4OB5Ph27Ri8nJAhunHaKvhY1g4DbvcTMZg&oe=6A580341,,,,,,208,29,2,239,,,,meta_recent_content,https://graph.facebook.com/v25.0/107579258704403,2026-07-11T08:05:16-04:00,,,,
,girlfriend-instagram:external:17879121093164609,girlfriend-instagram,instagram,Instagram,officialladysublime,17879121093164609,2025-03-01T05:54:07+0000,2025-03-01,Instagram carousel_album,Where are you squeezing first? 😍,carousel_album,https://www.instagram.com/p/DGpU2cuR32c/,https://scontent-lga3-3.cdninstagram.com/v/t51.75761-15/482145695_18056302139164966_1855351836441869056_n.jpg?stp=dst-jpg_e35_tt6&_nc_cat=108&ccb=7-5&_nc_sid=18de74&efg=eyJlZmdfdGFnIjoiQ0FST1VTRUxfSVRFTS5iZXN0X2ltYWdlX3VybGdlbi5DMyJ9&_nc_ohc=cYtVd-F9fdEQ7kNvwEXhrbv&_nc_oc=Adp6NLDejSgmxR63CI_eBRp8DckQP_ypHCPAl_pNQwJFtQMqf_qpwkew__gVFku2DqwA-hPt9t7_cVEu0uxy1If7&_nc_zt=23&_nc_ht=scontent-lga3-3.cdninstagram.com&edm=AM6HXa8EAAAA&_nc_gid=HSJxCWM_OXg6RH2nW8PRnA&oh=00_AQAINaZ1TIh-CLUPLCBhJgRsFNMZjNVGEOcO0X5-o5p7hw&oe=6A580341,https://scontent-lga3-3.cdninstagram.com/v/t51.75761-15/482145695_18056302139164966_1855351836441869056_n.jpg?stp=dst-jpg_e35_tt6&_nc_cat=108&ccb=7-5&_nc_sid=18de74&efg=eyJlZmdfdGFnIjoiQ0FST1VTRUxfSVRFTS5iZXN0X2ltYWdlX3VybGdlbi5DMyJ9&_nc_ohc=cYtVd-F9fdEQ7kNvwEXhrbv&_nc_oc=Adp6NLDejSgmxR63CI_eBRp8DckQP_ypHCPAl_pNQwJFtQMqf_qpwkew__gVFku2DqwA-hPt9t7_cVEu0uxy1If7&_nc_zt=23&_nc_ht=scontent-lga3-3.cdninstagram.com&edm=AM6HXa8EAAAA&_nc_gid=HSJxCWM_OXg6RH2nW8PRnA&oh=00_AQAINaZ1TIh-CLUPLCBhJgRsFNMZjNVGEOcO0X5-o5p7hw&oe=6A580341,,,,,,8877,261,,9138,,,,meta_recent_content,https://graph.facebook.com/v25.0/17841434948962018,2026-07-11T08:05:13-04:00,,,,
,lady-sublime-facebook-page:external:107579258704403_551980630933114,lady-sublime-facebook-page,facebook,Facebook Page,Lady Sublime,107579258704403_551980630933114,2024-11-30T09:13:26+0000,2024-11-30,Facebook Page post,✨BLACK FRIDAY SALES✨ You know where to look. 😘,post,https://www.facebook.com/984245981039908/posts/551980630933114,https://scontent-lga3-3.xx.fbcdn.net/v/t39.30808-6/487087509_636848209113022_5212252422129365734_n.jpg?stp=dst-jpg_p130x130_tt6&_nc_cat=104&ccb=1-7&_nc_sid=127cfc&_nc_ohc=v0ffZ92SehMQ7kNvwFMkZv7&_nc_oc=Adp53EGLqu-FyqMKuwZtIivklP8BsugveLdxfj8dt3Gvpb7knHEapYV1MO4YZpWZZIc_sTFrS7W0xLE04TZUo3Oq&_nc_zt=23&_nc_ht=scontent-lga3-3.xx&edm=AKIiGfEEAAAA&_nc_gid=6fslV95Bi8-TZ38ptEzV6g&_nc_tpa=Q5bMBQE3mypXiNB8F9SrM6fL5APxc1xOkg2pbw_YKP8krbqiu8qcwYNCi-oi8d4oyRXhE2YbDEwLipHYeQ&oh=00_AQDe5TjKrCCEU1iAAHDMFaEUpi-wKC0RAizTA0JzD0lOgA&oe=6A57EC20,https://scontent-lga3-3.xx.fbcdn.net/v/t39.30808-6/487087509_636848209113022_5212252422129365734_n.jpg?stp=dst-jpg_p720x720_tt6&_nc_cat=104&ccb=1-7&_nc_sid=127cfc&_nc_ohc=v0ffZ92SehMQ7kNvwFMkZv7&_nc_oc=Adp53EGLqu-FyqMKuwZtIivklP8BsugveLdxfj8dt3Gvpb7knHEapYV1MO4YZpWZZIc_sTFrS7W0xLE04TZUo3Oq&_nc_zt=23&_nc_ht=scontent-lga3-3.xx&edm=AKIiGfEEAAAA&_nc_gid=6fslV95Bi8-TZ38ptEzV6g&_nc_tpa=Q5bMBQGl34--0f8-nTJgefTWZ9-H7-5x1dRR6TbiAnNpWHPaPnSpuOxBk4NWfvnqRXJkzzRyTdr6c7_W4g&oh=00_AQDTNREaKpPkUGT5JSdGeyZXnwK8U4w7cXwL66NxebrIKA&oe=6A57EC20,,,,,,132,13,1,146,,,,meta_recent_content,https://graph.facebook.com/v25.0/107579258704403,2026-07-11T08:05:16-04:00,,,,
,girlfriend-instagram:external:18310303438162991,girlfriend-instagram,instagram,Instagram,officialladysublime,18310303438162991,2024-11-30T03:54:09+0000,2024-11-30,Instagram carousel_album,✨BLACK FRIDAY SALES✨ You know where to look. 😘,carousel_album,https://www.instagram.com/p/DC-yyMRxMpG/,https://scontent-lga3-3.cdninstagram.com/v/t51.82787-15/655690075_18068390954643983_3524961176809946657_n.jpg?stp=dst-jpg_e35_tt6&_nc_cat=104&ccb=7-5&_nc_sid=18de74&efg=eyJlZmdfdGFnIjoiQ0FST1VTRUxfSVRFTS5iZXN0X2ltYWdlX3VybGdlbi5DMyJ9&_nc_ohc=Uk1TzVFw-iQQ7kNvwHjX50m&_nc_oc=Adpa7-M0BRL6V9_ZRvJaM_f793Dd-pF1bX1vXF6x9SU3WnKDWVJLdNxwTslLyTL2uph66J7BYavBukDXsac4eJC4&_nc_zt=23&_nc_ht=scontent-lga3-3.cdninstagram.com&edm=AM6HXa8EAAAA&_nc_gid=HSJxCWM_OXg6RH2nW8PRnA&oh=00_AQDJumm2zu1wizXuWWLnCctowwoXHH1rMgnYuKw3NBncHQ&oe=6A57F58E,https://scontent-lga3-3.cdninstagram.com/v/t51.82787-15/655690075_18068390954643983_3524961176809946657_n.jpg?stp=dst-jpg_e35_tt6&_nc_cat=104&ccb=7-5&_nc_sid=18de74&efg=eyJlZmdfdGFnIjoiQ0FST1VTRUxfSVRFTS5iZXN0X2ltYWdlX3VybGdlbi5DMyJ9&_nc_ohc=Uk1TzVFw-iQQ7kNvwHjX50m&_nc_oc=Adpa7-M0BRL6V9_ZRvJaM_f793Dd-pF1bX1vXF6x9SU3WnKDWVJLdNxwTslLyTL2uph66J7BYavBukDXsac4eJC4&_nc_zt=23&_nc_ht=scontent-lga3-3.cdninstagram.com&edm=AM6HXa8EAAAA&_nc_gid=HSJxCWM_OXg6RH2nW8PRnA&oh=00_AQDJumm2zu1wizXuWWLnCctowwoXHH1rMgnYuKw3NBncHQ&oe=6A57F58E,,,,,,5411,200,,5611,,,,meta_recent_content,https://graph.facebook.com/v25.0/17841434948962018,2026-07-11T08:05:13-04:00,,,,
,lady-sublime-facebook-page:external:107579258704403_462221069909071,lady-sublime-facebook-page,facebook,Facebook Page,Lady Sublime,107579258704403_462221069909071,2024-07-21T00:05:04+0000,2024-07-21,Facebook Page post,Your boss has BIG expectations. Think you can measure up? 😏,post,https://www.facebook.com/984245981039908/posts/462221069909071,https://scontent-lga3-3.xx.fbcdn.net/v/t39.30808-6/486792198_636075835856926_5118576353310523577_n.jpg?stp=dst-jpg_s130x130_tt6&_nc_cat=102&ccb=1-7&_nc_sid=127cfc&_nc_ohc=-rGpv1XxiYEQ7kNvwHVVDoS&_nc_oc=AdqpQfjibMHRlHU0Dk81vZSMOEr3xLWKLfxQuv482sO7jAO2KnRbjUcogIFV9_cPSTL-5u1FZa1_jORUUIx23m3I&_nc_zt=23&_nc_ht=scontent-lga3-3.xx&edm=AKIiGfEEAAAA&_nc_gid=6fslV95Bi8-TZ38ptEzV6g&_nc_tpa=Q5bMBQFLCvZzRHQ2O9YZqdZJr-dtMI0BZtYy7Y7ZgT1GZuhUI2TXfNKGh7u1N8rpGBw7Fc5c7KO5Y38ABA&oh=00_AQDRF9xvOWVYR1P1t0lOjA-DvuUA2jwckZ9Twj85GjuVuQ&oe=6A57EA8F,https://scontent-lga3-3.xx.fbcdn.net/v/t39.30808-6/486792198_636075835856926_5118576353310523577_n.jpg?stp=dst-jpg_s720x720_tt6&_nc_cat=102&ccb=1-7&_nc_sid=127cfc&_nc_ohc=-rGpv1XxiYEQ7kNvwHVVDoS&_nc_oc=AdqpQfjibMHRlHU0Dk81vZSMOEr3xLWKLfxQuv482sO7jAO2KnRbjUcogIFV9_cPSTL-5u1FZa1_jORUUIx23m3I&_nc_zt=23&_nc_ht=scontent-lga3-3.xx&edm=AKIiGfEEAAAA&_nc_gid=6fslV95Bi8-TZ38ptEzV6g&_nc_tpa=Q5bMBQFc43cktS-XQPdDgQE_m9t539nqZblRTcnYENgcLQnJwZ87WzweeHAdI8j_9qcveGG6hARHmUh60A&oh=00_AQB4PreKJZlhcDtb8IlOwTY05rsTeKBR4kK5PBV9TJcD0Q&oe=6A57EA8F,,,,,,214,16,0,230,,,,meta_recent_content,https://graph.facebook.com/v25.0/107579258704403,2026-07-11T08:05:16-04:00,,,,
,girlfriend-instagram:external:18004840757358169,girlfriend-instagram,instagram,Instagram,officialladysublime,18004840757358169,2024-07-21T00:04:59+0000,2024-07-21,Instagram carousel_album,Your boss has BIG expectations. Think you can measure up? 😏,carousel_album,https://www.instagram.com/p/C9qfoJUS7Kk/,https://scontent-lga3-2.cdninstagram.com/v/t51.82787-15/654017328_17991194198940046_119199521746957945_n.jpg?stp=dst-jpg_e35_tt6&_nc_cat=101&ccb=7-5&_nc_sid=18de74&efg=eyJlZmdfdGFnIjoiQ0FST1VTRUxfSVRFTS5iZXN0X2ltYWdlX3VybGdlbi5DMyJ9&_nc_ohc=CGf7xppxL8MQ7kNvwHfFR0H&_nc_oc=AdpdEferhlfAoVncRHKyWoe9Ls7YfzUN0_adLd0T9q7ksukr-K4ky68o6N_yqm7VTgUJ1jtjjj_nPFnONhupFwCm&_nc_zt=23&_nc_ht=scontent-lga3-2.cdninstagram.com&edm=AM6HXa8EAAAA&_nc_gid=HSJxCWM_OXg6RH2nW8PRnA&oh=00_AQBOxNPfvwOGPPMpcieY4fKmC5FIABbXdT9Gd4vnQ4Gy6g&oe=6A580222,https://scontent-lga3-2.cdninstagram.com/v/t51.82787-15/654017328_17991194198940046_119199521746957945_n.jpg?stp=dst-jpg_e35_tt6&_nc_cat=101&ccb=7-5&_nc_sid=18de74&efg=eyJlZmdfdGFnIjoiQ0FST1VTRUxfSVRFTS5iZXN0X2ltYWdlX3VybGdlbi5DMyJ9&_nc_ohc=CGf7xppxL8MQ7kNvwHfFR0H&_nc_oc=AdpdEferhlfAoVncRHKyWoe9Ls7YfzUN0_adLd0T9q7ksukr-K4ky68o6N_yqm7VTgUJ1jtjjj_nPFnONhupFwCm&_nc_zt=23&_nc_ht=scontent-lga3-2.cdninstagram.com&edm=AM6HXa8EAAAA&_nc_gid=HSJxCWM_OXg6RH2nW8PRnA&oh=00_AQBOxNPfvwOGPPMpcieY4fKmC5FIABbXdT9Gd4vnQ4Gy6g&oe=6A580222,,,,,,10954,358,,11312,,,,meta_recent_content,https://graph.facebook.com/v25.0/17841434948962018,2026-07-11T08:05:13-04:00,,,,
,lady-sublime-facebook-page:external:107579258704403_456898403774671,lady-sublime-facebook-page,facebook,Facebook Page,Lady Sublime,107579258704403_456898403774671,2024-07-11T20:39:21+0000,2024-07-11,Facebook Page post,,post,https://www.facebook.com/984245981039908/posts/456898403774671,https://scontent-lga3-2.xx.fbcdn.net/v/t39.30808-6/487239428_636032285861281_5017250141359124429_n.jpg?stp=dst-jpg_s130x130_tt6&_nc_cat=100&ccb=1-7&_nc_sid=127cfc&_nc_ohc=ViQ6MASgaHEQ7kNvwEX5RRN&_nc_oc=AdoBKZdHJlrdY5uLzLeFT0luingsagmE5PPxAy5tE0yIMtxjxeheuWUM4V9zBeSocPZTc1KnppKV3DkG-6mFsunW&_nc_zt=23&_nc_ht=scontent-lga3-2.xx&edm=AKIiGfEEAAAA&_nc_gid=6fslV95Bi8-TZ38ptEzV6g&_nc_tpa=Q5bMBQHX2RL0RaNcpgePf8rzUwUrwmezjju-gZ1kO3Gkykk9JAHTJRrtMNg3eYFiBiichF8xASjZSkr4uQ&oh=00_AQCCvmWdewtiVJGp8wDdr6SbhsmlNp0ffNCd7xlS6cZrJg&oe=6A57ECC3,https://scontent-lga3-2.xx.fbcdn.net/v/t39.30808-6/487239428_636032285861281_5017250141359124429_n.jpg?stp=dst-jpg_s720x720_tt6&_nc_cat=100&ccb=1-7&_nc_sid=127cfc&_nc_ohc=ViQ6MASgaHEQ7kNvwEX5RRN&_nc_oc=AdoBKZdHJlrdY5uLzLeFT0luingsagmE5PPxAy5tE0yIMtxjxeheuWUM4V9zBeSocPZTc1KnppKV3DkG-6mFsunW&_nc_zt=23&_nc_ht=scontent-lga3-2.xx&edm=AKIiGfEEAAAA&_nc_gid=6fslV95Bi8-TZ38ptEzV6g&_nc_tpa=Q5bMBQHMn42wX3fOlKhzbol_TrZD8jxpuQRsVVrirNKkVq13LxgKe6RlpYp0ks0hvIV_wIXCfdb1KqNSZQ&oh=00_AQCZJjvjvLo3UE1SQCNZEFXNgmqqrf1aMdanNqzcpAB1wQ&oe=6A57ECC3,,,,,,197,14,2,213,,,,meta_recent_content,https://graph.facebook.com/v25.0/107579258704403,2026-07-11T08:05:16-04:00,,,,
,girlfriend-instagram:external:18007853882325234,girlfriend-instagram,instagram,Instagram,officialladysublime,18007853882325234,2024-07-11T20:39:17+0000,2024-07-11,Instagram carousel_album,Wanna play mermaids? 🧜‍♀️,carousel_album,https://www.instagram.com/p/C9S87qjyyP8/,https://scontent-lga3-2.cdninstagram.com/v/t51.82787-15/670279639_18573923836026609_5533140466136639138_n.jpg?stp=dst-jpg_e35_tt6&_nc_cat=105&ccb=7-5&_nc_sid=18de74&efg=eyJlZmdfdGFnIjoiQ0FST1VTRUxfSVRFTS5iZXN0X2ltYWdlX3VybGdlbi5DMyJ9&_nc_ohc=uGM5JbqpQxAQ7kNvwHk05xX&_nc_oc=Adp9g2iT5mwxQa47rIlj6tHmQl0MGt7qS2NuS5xbVYQzdriK8hjKDCBmYWMupVUnEEkTR-YAlU1CocumGCo7Eind&_nc_zt=23&_nc_ht=scontent-lga3-2.cdninstagram.com&edm=AM6HXa8EAAAA&_nc_gid=HSJxCWM_OXg6RH2nW8PRnA&oh=00_AQDWcbnZoF-kc6EThStLAbGHlwQa5utZSDHRnY_ICscrfA&oe=6A57F39B,https://scontent-lga3-2.cdninstagram.com/v/t51.82787-15/670279639_18573923836026609_5533140466136639138_n.jpg?stp=dst-jpg_e35_tt6&_nc_cat=105&ccb=7-5&_nc_sid=18de74&efg=eyJlZmdfdGFnIjoiQ0FST1VTRUxfSVRFTS5iZXN0X2ltYWdlX3VybGdlbi5DMyJ9&_nc_ohc=uGM5JbqpQxAQ7kNvwHk05xX&_nc_oc=Adp9g2iT5mwxQa47rIlj6tHmQl0MGt7qS2NuS5xbVYQzdriK8hjKDCBmYWMupVUnEEkTR-YAlU1CocumGCo7Eind&_nc_zt=23&_nc_ht=scontent-lga3-2.cdninstagram.com&edm=AM6HXa8EAAAA&_nc_gid=HSJxCWM_OXg6RH2nW8PRnA&oh=00_AQDWcbnZoF-kc6EThStLAbGHlwQa5utZSDHRnY_ICscrfA&oe=6A57F39B,,,,,,4924,168,,5092,,,,meta_recent_content,https://graph.facebook.com/v25.0/17841434948962018,2026-07-11T08:05:13-04:00,,,,
,lady-sublime-facebook-page:external:107579258704403_452112274253284,lady-sublime-facebook-page,facebook,Facebook Page,Lady Sublime,107579258704403_452112274253284,2024-07-03T18:41:04+0000,2024-07-03,Facebook Page post,Enjoy the view with me? ☺️,post,https://www.facebook.com/984245981039908/posts/452112274253284,https://scontent-lga3-3.xx.fbcdn.net/v/t39.30808-6/468399718_18046638278164966_8783035936938858555_n.jpg?stp=dst-jpg_s130x130_tt6&_nc_cat=108&ccb=1-7&_nc_sid=127cfc&_nc_ohc=G2NBm3w3IO8Q7kNvwFr4EdM&_nc_oc=AdpQ39eJAZXp3scXR3atHOKy22cgr34rF_uUZJ9PgM3cW-m6dxCUMWJWJLgiqcUkUyzf5C7pSls-8-LRlBGuQVjy&_nc_zt=23&_nc_ht=scontent-lga3-3.xx&edm=AKIiGfEEAAAA&_nc_gid=6fslV95Bi8-TZ38ptEzV6g&_nc_tpa=Q5bMBQFfXFsScnQRBdbdACuwzwODQgWOpI0Tb2Ehf1mpfwi1zCo0HGzyxtJOXTC83cUiIPCgwI8bVLmcwQ&oh=00_AQCnz3kXfCodQhS5c_14hTXfdUhF4Pv9HWojfEzTux7hZw&oe=6A57E817,https://scontent-lga3-3.xx.fbcdn.net/v/t39.30808-6/468399718_18046638278164966_8783035936938858555_n.jpg?stp=dst-jpg_s720x720_tt6&_nc_cat=108&ccb=1-7&_nc_sid=127cfc&_nc_ohc=G2NBm3w3IO8Q7kNvwFr4EdM&_nc_oc=AdpQ39eJAZXp3scXR3atHOKy22cgr34rF_uUZJ9PgM3cW-m6dxCUMWJWJLgiqcUkUyzf5C7pSls-8-LRlBGuQVjy&_nc_zt=23&_nc_ht=scontent-lga3-3.xx&edm=AKIiGfEEAAAA&_nc_gid=6fslV95Bi8-TZ38ptEzV6g&_nc_tpa=Q5bMBQGU8fS4S1FhGgptIbLPPYdmpw2CpTRkL0t-VqFhO1Nv7FzcGGs4_rUYdgFJjgvzIGsW09rvjMWYVA&oh=00_AQCy9UR468C6vd9QPMjSC3H9FfzBgSvi0VWRkggdVu1SAQ&oe=6A57E817,,,,,,258,26,1,285,,,,meta_recent_content,https://graph.facebook.com/v25.0/107579258704403,2026-07-11T08:05:16-04:00,,,,
,girlfriend-instagram:external:18286107658204128,girlfriend-instagram,instagram,Instagram,officialladysublime,18286107658204128,2024-07-03T18:40:59+0000,2024-07-03,Instagram carousel_album,Enjoy the view with me? ☺️,carousel_album,https://www.instagram.com/p/C8-JCOsSpUt/,https://scontent-lga3-3.cdninstagram.com/v/t39.30808-6/468399718_18046638278164966_8783035936938858555_n.jpg?stp=dst-jpg_e35_tt6&_nc_cat=108&ccb=7-5&_nc_sid=18de74&efg=eyJlZmdfdGFnIjoiQ0FST1VTRUxfSVRFTS5iZXN0X2ltYWdlX3VybGdlbi5DMyJ9&_nc_ohc=G2NBm3w3IO8Q7kNvwFr4EdM&_nc_oc=AdpQ39eJAZXp3scXR3atHOKy22cgr34rF_uUZJ9PgM3cW-m6dxCUMWJWJLgiqcUkUyzf5C7pSls-8-LRlBGuQVjy&_nc_zt=23&_nc_ht=scontent-lga3-3.cdninstagram.com&edm=AM6HXa8EAAAA&_nc_gid=HSJxCWM_OXg6RH2nW8PRnA&oh=00_AQB2Bw-tiIKa6Pz29ADPbkmDOBp0xLjYqQbY-55BIqPGOw&oe=6A57E817,https://scontent-lga3-3.cdninstagram.com/v/t39.30808-6/468399718_18046638278164966_8783035936938858555_n.jpg?stp=dst-jpg_e35_tt6&_nc_cat=108&ccb=7-5&_nc_sid=18de74&efg=eyJlZmdfdGFnIjoiQ0FST1VTRUxfSVRFTS5iZXN0X2ltYWdlX3VybGdlbi5DMyJ9&_nc_ohc=G2NBm3w3IO8Q7kNvwFr4EdM&_nc_oc=AdpQ39eJAZXp3scXR3atHOKy22cgr34rF_uUZJ9PgM3cW-m6dxCUMWJWJLgiqcUkUyzf5C7pSls-8-LRlBGuQVjy&_nc_zt=23&_nc_ht=scontent-lga3-3.cdninstagram.com&edm=AM6HXa8EAAAA&_nc_gid=HSJxCWM_OXg6RH2nW8PRnA&oh=00_AQB2Bw-tiIKa6Pz29ADPbkmDOBp0xLjYqQbY-55BIqPGOw&oe=6A57E817,,,,,,9489,387,,9876,,,,meta_recent_content,https://graph.facebook.com/v25.0/17841434948962018,2026-07-11T08:05:13-04:00,,,,
,lady-sublime-facebook-page:external:107579258704403_421164864014692,lady-sublime-facebook-page,facebook,Facebook Page,Lady Sublime,107579258704403_421164864014692,2024-05-13T18:11:04+0000,2024-05-13,Facebook Page post,"When the days get longer, the skirts get shorter! ☀️☺️",post,https://www.facebook.com/984245981039908/posts/421164864014692,https://scontent-lga3-3.xx.fbcdn.net/v/t39.30808-6/487296759_635699205894589_8765010915068741393_n.jpg?stp=dst-jpg_s130x130_tt6&_nc_cat=104&ccb=1-7&_nc_sid=127cfc&_nc_ohc=nhqF0Ml8uzUQ7kNvwGwsi82&_nc_oc=AdqTwXzjMezjQYk2Q8dSj-n0DvJPpXtAWQMTs0zKbmdhR20LcV-0aNSmRd83U4FAXN6CYl9A8g5CxszXzF61-vRh&_nc_zt=23&_nc_ht=scontent-lga3-3.xx&edm=AKIiGfEEAAAA&_nc_gid=6fslV95Bi8-TZ38ptEzV6g&_nc_tpa=Q5bMBQHK_cfo0xzefVcQTT0Biv68ocKhIdzQk4d0IYb0lzrQawitnNxwx32LBu3uEiOE4NQZzI-4cvEHwg&oh=00_AQD-Jj4qsv019V2ir-8o4-i1XODfRYeZOSYwlrf_85liqQ&oe=6A580E1D,https://scontent-lga3-3.xx.fbcdn.net/v/t39.30808-6/487296759_635699205894589_8765010915068741393_n.jpg?stp=dst-jpg_s720x720_tt6&_nc_cat=104&ccb=1-7&_nc_sid=127cfc&_nc_ohc=nhqF0Ml8uzUQ7kNvwGwsi82&_nc_oc=AdqTwXzjMezjQYk2Q8dSj-n0DvJPpXtAWQMTs0zKbmdhR20LcV-0aNSmRd83U4FAXN6CYl9A8g5CxszXzF61-vRh&_nc_zt=23&_nc_ht=scontent-lga3-3.xx&edm=AKIiGfEEAAAA&_nc_gid=6fslV95Bi8-TZ38ptEzV6g&_nc_tpa=Q5bMBQHbHE7Pi3wC1s5hhDW6CtfMYAfM1QUxIoC0tUcgJ3hzKb-Bh4EfhGR5s3iODB2k79CuM7vK4kyn_g&oh=00_AQAzYarRztVtxT0LaCCRuQu8SkKkHx5D2_OQDobVoOgDNQ&oe=6A580E1D,,,,,,288,17,4,309,,,,meta_recent_content,https://graph.facebook.com/v25.0/107579258704403,2026-07-11T08:05:16-04:00,,,,
,lady-sublime-facebook-page:external:107579258704403_412012284929950,lady-sublime-facebook-page,facebook,Facebook Page,Lady Sublime,107579258704403_412012284929950,2024-04-28T21:00:04+0000,2024-04-28,Facebook Page post,That round thing in your face 🍑,post,https://www.facebook.com/984245981039908/posts/412012284929950,https://scontent-lga3-2.xx.fbcdn.net/v/t39.30808-6/486813318_635686499229193_2697103179816699249_n.jpg?stp=dst-jpg_s130x130_tt6&_nc_cat=100&ccb=1-7&_nc_sid=127cfc&_nc_ohc=qXAplDfLVkgQ7kNvwFUcc96&_nc_oc=Adrq8GPqSNeaKp8P6Vw8jkNvalTxNvXZmBRCODj2QyBJo60cZH6WKJdRvDxE-wzAs_WuVUsPfvaKfPFiMcPriEB8&_nc_zt=23&_nc_ht=scontent-lga3-2.xx&edm=AKIiGfEEAAAA&_nc_gid=6fslV95Bi8-TZ38ptEzV6g&_nc_tpa=Q5bMBQFQAUW4BGY2Tt0fuX0wBpNPQw_dqefiBR8tnYXjPrOev1KvZSqGjH7K5a0zsaTMc7CgDKeBZeTh6A&oh=00_AQA_r1zNQasn5ozSshKV6XE_EBPWSY_qXyAmlIENghm0rQ&oe=6A581F44,https://scontent-lga3-2.xx.fbcdn.net/v/t39.30808-6/486813318_635686499229193_2697103179816699249_n.jpg?stp=dst-jpg_s720x720_tt6&_nc_cat=100&ccb=1-7&_nc_sid=127cfc&_nc_ohc=qXAplDfLVkgQ7kNvwFUcc96&_nc_oc=Adrq8GPqSNeaKp8P6Vw8jkNvalTxNvXZmBRCODj2QyBJo60cZH6WKJdRvDxE-wzAs_WuVUsPfvaKfPFiMcPriEB8&_nc_zt=23&_nc_ht=scontent-lga3-2.xx&edm=AKIiGfEEAAAA&_nc_gid=6fslV95Bi8-TZ38ptEzV6g&_nc_tpa=Q5bMBQGFTNTaROWH7HmhgFt05wYkKFmCQ_Pr6XZnmndjnOdZoeaeOxYJC0ag7tOr20Nu5zShfBcInwJQ0w&oh=00_AQDMyeogwOAT9XoQwe4VPd_AvIpp-6dLieK86ubsbb7AVw&oe=6A581F44,,,,,,344,26,5,375,,,,meta_recent_content,https://graph.facebook.com/v25.0/107579258704403,2026-07-11T08:05:16-04:00,,,,
